,owner_id,Time,Z,Act,State,Sequence,Keyword,Message_1,STT_1,Message_2,STT_2,Message_3,STT_3
0,570,'2021-08-01 01:10:10,부동,휴식,취미활동,,,,,,,,
1,570,'2021-08-01 01:30:10,부동,취침,수면,,,,,,,,
2,570,'2021-08-01 03:21:13,변기,"기상, 새벽용변",기상하기,,,,,,,,
3,570,'2021-08-01 03:21:13,변기,"기상, 새벽용변",새벽 화장실 이용,,,,,,,,
4,570,'2021-08-01 05:30:11,부동,휴식,취미활동,,,,,,,,
5,570,'2021-08-01 05:50:11,부동,취침,수면,,,,,,,,
6,570,'2021-08-01 06:14:18,변기,"기상, 용변",기상하기,,,,,,,,
7,570,'2021-08-01 06:14:18,변기,"기상, 용변",화장실 이용,,,,,,,,
8,570,'2021-08-01 06:40:06,부동,휴식,취미활동,,,,,,,,
9,570,'2021-08-01 06:49:08,냉장고,음식출납,음식 꺼내기,,,,,,,,
10,570,'2021-08-01 06:59:08,식사 판단,간식,간식 먹기,,,,,,,,
11,570,'2021-08-01 07:04:43,싱크대,설거지,설거지 하기,,,,,,,,
12,570,'2021-08-01 07:12:03,냉장고,냉장고정리,냉장고 정리하기,,,,,,,,
13,570,'2021-08-01 07:15:32,싱크대,설거지,설거지 하기,,,,,,,,
14,570,'2021-08-01 07:15:55,냉장고,냉장고정리,냉장고 정리하기,,,,,,,,
15,570,'2021-08-01 07:17:50,전자렌지,전자레인지청소,전자렌지 청소하기,,,,,,,,
16,570,'2021-08-01 07:20:14,냉장고,음식출납,음식 꺼내기,,,,,,,,
17,570,'2021-08-01 07:30:14,식사 판단,아침식사,조식,,,,,,,,
18,570,'2021-08-01 07:58:18,냉장고,냉장고정리,냉장고 정리하기,,,,,,,,
19,570,'2021-08-01 08:20:12,부동,휴식,취미활동,,,,,,,,
20,570,'2021-08-01 08:24:56,약,복약,일반 약 복용,CHM,,"항상 멋지신 순자님, 똑똑똑, 순이가 왔어요. 약처방을 받을때 약봉투에 복용방법에 대해서, 주의사항에 대해서, 약사님에게 적어달라고 하셔요.",,,,,
21,570,'2021-08-01 08:50:06,부동,휴식,취미활동,,,,,,,,
22,570,'2021-08-01 09:30:04,매우 활동,실내운동,실내운동하기,,,,,,,,
23,570,'2021-08-01 09:34:50,리모콘,TV시청,TV 보기,,,,,,,,
24,570,'2021-08-01 09:40:05,매우 활동,실내운동,실내운동하기,,,,,,,,
25,570,'2021-08-01 09:44:33,리모콘,TV시청,TV 보기,,,,,,,,
26,570,'2021-08-01 09:50:06,매우 활동,실내운동,실내운동하기,,,,,,,,
27,570,'2021-08-01 09:50:26,리모콘,TV시청,TV 보기,,,,,,,,
28,570,'2021-08-01 10:00:08,매우 활동,실내운동,실내운동하기,,,,,,,,
29,570,'2021-08-01 10:00:25,프로그램,프로그램 참여,순이체조,,,프로그램 메시지,,,,,
30,570,'2021-08-01 11:20:06,미동,휴식,취미활동,,,,,,,,
31,570,'2021-08-01 11:21:53,냉장고,음식출납,음식 꺼내기,,,,,,,,
32,570,'2021-08-01 11:30:07,매우 활동,실내운동,실내운동하기,,,,,,,,
33,570,'2021-08-01 11:31:53,식사 판단,점심식사,중식,,,,,,,,
34,570,'2021-08-01 11:42:55,싱크대,설거지,설거지 하기,,,,,,,,
35,570,'2021-08-01 12:10:06,매우 활동,실내운동,실내운동하기,,,,,,,,
36,570,'2021-08-01 12:10:23,리모콘,식사중TV,식사 중 TV 시청,,,,,,,,
37,570,'2021-08-01 12:30:06,매우 활동,실내운동,실내운동하기,,,,,,,,
38,570,'2021-08-01 12:30:15,냉장고,음식출납,음식 꺼내기,,,,,,,,
39,570,'2021-08-01 12:30:50,리모콘,TV시청,TV 보기,,,,,,,,
40,570,'2021-08-01 12:35:40,냉장고,음식출납,음식 꺼내기,,,,,,,,
41,570,'2021-08-01 12:40:15,식사 판단,간식,간식 먹기,,,,,,,,
42,570,'2021-08-01 12:40:42,냉장고,냉장고정리,냉장고 정리하기,,,,,,,,
43,570,'2021-08-01 13:02:01,냉장고,음식출납,음식 꺼내기,,,,,,,,
44,570,'2021-08-01 13:03:36,창문,환기,집 환기하기,CHM,,"순이의 영혼의 짝꿍 우리 순자님, 사랑둥이 순이에요. 미세먼지가 나쁠 때에도 삼분에서 오분은 환기하는게 좋다고 해요.",,,,,
45,570,'2021-08-01 13:18:49,변기,용변,화장실 이용,,,,,,,,
46,570,'2021-08-01 13:26:40,싱크대,주방정리,주방 정리하기,,,,,,,,
47,570,'2021-08-01 13:47:04,냉장고,음식출납,음식 꺼내기,,,,,,,,
48,570,'2021-08-01 13:51:34,리모콘,TV시청,TV 보기,,,,,,,,
49,570,'2021-08-01 13:57:04,식사 판단,간식,간식 먹기,,,,,,,,
50,570,'2021-08-01 14:20:06,부동,휴식,취미활동,,,,,,,,
51,570,'2021-08-01 14:40:05,부동,낮잠,낮잠자기,,,,,,,,
52,570,'2021-08-01 16:26:30,변기,"낮잠기상, 용변",낮잠 기상하기,,,,,,,,
53,570,'2021-08-01 16:26:30,변기,"낮잠기상, 용변",화장실 이용,,,,,,,,
54,570,'2021-08-01 16:26:49,냉장고,음식출납,음식 꺼내기,,,,,,,,
55,570,'2021-08-01 16:36:49,식사 판단,간식,간식 먹기,,,,,,,,
56,570,'2021-08-01 16:41:38,냉장고,냉장고정리,냉장고 정리하기,,,,,,,,
57,570,'2021-08-01 16:45:48,싱크대,설거지,설거지 하기,,,,,,,,
58,570,'2021-08-01 17:32:47,냉장고,음식출납,음식 꺼내기,,,,,,,,
59,570,'2021-08-01 17:42:47,식사 판단,간식,간식 먹기,,,,,,,,
60,570,'2021-08-01 18:12:12,냉장고,음식출납,음식 꺼내기,,,,,,,,
61,570,'2021-08-01 18:22:12,식사 판단,간식,간식 먹기,,,,,,,,
62,570,'2021-08-01 18:38:27,냉장고,냉장고정리,냉장고 정리하기,,,,,,,,
63,570,'2021-08-01 19:10:54,변기,용변,화장실 이용,,,,,,,,
64,570,'2021-08-01 19:30:58,리모콘,TV시청,TV 보기,,,,,,,,
65,570,'2021-08-01 20:50:07,부동,취침,수면,,,,,,,,
66,570,'2021-08-01 21:00:07,활동,기상,기상하기,,,,,,,,
67,570,'2021-08-01 21:47:01,냉장고,음식출납,음식 꺼내기,,,,,,,,
68,570,'2021-08-01 21:57:01,식사 판단,간식,간식 먹기,,,,,,,,
69,570,'2021-08-01 23:03:37,부동,휴식,취미활동,,,,,,,,
70,570,'2021-08-01 23:49:56,변기,용변,화장실 이용,,,,,,,,
71,570,'2021-08-02 01:10:11,부동,휴식,취미활동,,,,,,,,
72,570,'2021-08-02 01:50:13,부동,취침,수면,,,,,,,,
73,570,'2021-08-02 05:58:19,변기,"기상, 용변",기상하기,,,,,,,,
74,570,'2021-08-02 05:58:19,변기,"기상, 용변",화장실 이용,,,,,,,,
75,570,'2021-08-02 06:40:08,부동,휴식,취미활동,,,,,,,,
76,570,'2021-08-02 06:50:48,싱크대,주방정리,주방 정리하기,,,,,,,,
77,570,'2021-08-02 07:11:25,냉장고,음식출납,음식 꺼내기,,,,,,,,
78,570,'2021-08-02 07:21:25,식사 판단,아침식사,조식,,,,,,,,
79,570,'2021-08-02 07:21:47,냉장고,냉장고정리,냉장고 정리하기,,,,,,,,
80,570,'2021-08-02 07:34:14,전자렌지,전자레인지청소,전자렌지 청소하기,,,,,,,,
81,570,'2021-08-02 07:37:39,냉장고,냉장고정리,냉장고 정리하기,,,,,,,,
82,570,'2021-08-02 08:13:51,냉장고,음식출납,음식 꺼내기,,,,,,,,
83,570,'2021-08-02 08:14:58,싱크대,주방정리,주방 정리하기,,,,,,,,
84,570,'2021-08-02 08:23:51,식사 판단,식사,식사,,,,,,,,
85,570,'2021-08-02 08:39:11,약,식후복약,식후 약 복용,HPM,,"영원한 짝꿍 순이랍니다! 음식을 드시고 바로 눕게되면 음식이 역류하여 식도염에 걸릴 수 있다고 해요. 몸 안에서 음식이 소화될 수 있도록 조금만 기다려주세요! 식탁, 책상 등 순자님과 가까운 곳에 물을 놓고 자주자주 마시는게 좋아요!",,,,,
86,570,'2021-08-02 08:53:56,변기,용변,화장실 이용,,,,,,,,
87,570,'2021-08-02 09:05:11,리모콘,TV시청,TV 보기,,,,,,,,
88,570,'2021-08-02 09:10:06,매우 활동,실내운동,실내운동하기,,,,,,,,
89,570,'2021-08-02 09:18:56,리모콘,TV시청,TV 보기,,,,,,,,
90,570,'2021-08-02 09:20:07,매우 활동,실내운동,실내운동하기,,,,,,,,
91,570,'2021-08-02 09:20:51,리모콘,TV시청,TV 보기,,,,,,,,
92,570,'2021-08-02 09:30:07,매우 활동,실내운동,실내운동하기,,,,,,,,
93,570,'2021-08-02 09:32:02,리모콘,TV시청,TV 보기,,,,,,,,
94,570,'2021-08-02 09:40:07,매우 활동,실내운동,실내운동하기,,,,,,,,
95,570,'2021-08-02 09:42:25,리모콘,TV시청,TV 보기,,,,,,,,
96,570,'2021-08-02 09:50:07,매우 활동,실내운동,실내운동하기,,,,,,,,
97,570,'2021-08-02 09:57:32,리모콘,TV시청,TV 보기,,,,,,,,
98,570,'2021-08-02 10:00:11,매우 활동,실내운동,실내운동하기,,,,,,,,
99,570,'2021-08-02 10:00:18,프로그램,프로그램 참여,순이체조,,,프로그램 메시지,,,,,
100,570,'2021-08-02 10:01:42,프로그램,프로그램 참여,순이체조,,,프로그램 메시지,,,,,
101,570,'2021-08-02 10:04:49,프로그램,프로그램 참여,순이체조,,,프로그램 메시지,,,,,
102,570,'2021-08-02 10:18:36,냉장고,음식출납,음식 꺼내기,,,,,,,,
103,570,'2021-08-02 10:28:36,식사 판단,간식,간식 먹기,,,,,,,,
104,570,'2021-08-02 11:08:45,변기,용변,화장실 이용,,,,,,,,
105,570,'2021-08-02 11:30:07,매우 활동,실내운동,실내운동하기,,,,,,,,
106,570,'2021-08-02 11:40:05,매우 활동,실외운동,실외운동하기,,,,,,,,
107,570,'2021-08-02 11:50:06,부동,외출,외출하기,,,,,,,,
108,570,'2021-08-02 13:50:03,매우 활동,실외운동,실외운동하기,,,,,,,,
109,570,'2021-08-02 13:58:28,리모콘,"귀가, TV시청",운동 후 귀가,,,,,,,,
110,570,'2021-08-02 13:58:28,리모콘,"귀가, TV시청",TV 보기,,,,,,,,
111,570,'2021-08-02 14:00:04,매우 활동,실내운동,실내운동하기,,,,,,,,
112,570,'2021-08-02 14:07:27,변기,용변,화장실 이용,,,,,,,,
113,570,'2021-08-02 14:09:24,냉장고,음식출납,음식 꺼내기,,,,,,,,
114,570,'2021-08-02 14:12:55,싱크대,주방정리,주방 정리하기,,,,,,,,
115,570,'2021-08-02 14:13:08,냉장고,음식출납,음식 꺼내기,,,,,,,,
116,570,'2021-08-02 14:19:24,식사 판단,간식,간식 먹기,,,,,,,,
117,570,'2021-08-02 14:34:56,싱크대,설거지,설거지 하기,,,,,,,,
118,570,'2021-08-02 15:00:09,부동,휴식,취미활동,,,,,,,,
119,570,'2021-08-02 15:10:08,싱크대,주방정리,주방 정리하기,,,,,,,,
120,570,'2021-08-02 15:50:04,부동,휴식,취미활동,,,,,,,,
121,570,'2021-08-02 16:10:24,미동,낮잠,낮잠자기,,,,,,,,
122,570,'2021-08-02 16:34:59,싱크대,"낮잠기상, 주방정리",낮잠 기상하기,,,,,,,,
123,570,'2021-08-02 16:34:59,싱크대,"낮잠기상, 주방정리",주방 정리하기,,,,,,,,
124,570,'2021-08-02 16:37:47,변기,용변,화장실 이용,,,,,,,,
125,570,'2021-08-02 17:04:50,부동,휴식,취미활동,,,,,,,,
126,570,'2021-08-02 17:24:40,싱크대,주방정리,주방 정리하기,,,,,,,,
127,570,'2021-08-02 17:41:09,냉장고,음식출납,음식 꺼내기,,,,,,,,
128,570,'2021-08-02 17:51:09,식사 판단,간식,간식 먹기,,,,,,,,
129,570,'2021-08-02 17:53:02,냉장고,냉장고정리,냉장고 정리하기,,,,,,,,
130,570,'2021-08-02 17:55:27,싱크대,설거지,설거지 하기,,,,,,,,
131,570,'2021-08-02 18:01:07,리모콘,식사중TV,식사 중 TV 시청,,,,,,,,
132,570,'2021-08-02 18:14:16,변기,용변,화장실 이용,,,,,,,,
133,570,'2021-08-02 18:15:25,냉장고,음식출납,음식 꺼내기,,,,,,,,
134,570,'2021-08-02 18:25:25,식사 판단,간식,간식 먹기,,,,,,,,
135,570,'2021-08-02 19:06:05,냉장고,음식출납,음식 꺼내기,,,,,,,,
136,570,'2021-08-02 19:16:05,식사 판단,저녁식사,석식,,,,,,,,
137,570,'2021-08-02 19:16:06,냉장고,냉장고정리,냉장고 정리하기,,,,,,,,
138,570,'2021-08-02 19:24:48,싱크대,설거지,설거지 하기,,,,,,,,
139,570,'2021-08-02 19:31:54,냉장고,냉장고정리,냉장고 정리하기,,,,,,,,
140,570,'2021-08-02 19:45:25,변기,용변,화장실 이용,,,,,,,,
141,570,'2021-08-02 20:50:04,미동,휴식,취미활동,,,,,,,,
142,570,'2021-08-02 21:10:05,부동,취침,수면,,,,,,,,
143,570,'2021-08-02 22:35:13,냉장고,"기상, 음식출납",기상하기,,,,,,,,
144,570,'2021-08-02 22:35:13,냉장고,"기상, 음식출납",음식 꺼내기,,,,,,,,
145,570,'2021-08-02 22:45:13,식사 판단,야식,야식 먹기,,,,,,,,
146,570,'2021-08-02 22:54:09,싱크대,설거지,설거지 하기,,,,,,,,
147,570,'2021-08-02 23:20:05,미동,휴식,취미활동,,,,,,,,
148,570,'2021-08-02 23:40:05,부동,취침,수면,,,,,,,,
149,570,'2021-08-03 00:02:37,리모콘,"기상, TV시청",기상하기,,,,,,,,
150,570,'2021-08-03 00:02:37,리모콘,"기상, TV시청",뉴스 시청,,,,,,,,
151,570,'2021-08-03 00:30:05,미동,휴식,취미활동,,,,,,,,
152,570,'2021-08-03 00:34:47,냉장고,음식출납,음식 꺼내기,,,,,,,,
153,570,'2021-08-03 01:20:12,부동,휴식,취미활동,,,,,,,,
154,570,'2021-08-03 01:44:26,변기,새벽용변,새벽 화장실 이용,,,,,,,,
155,570,'2021-08-03 02:20:09,부동,휴식,취미활동,,,,,,,,
156,570,'2021-08-03 02:40:09,부동,취침,수면,,,,,,,,
157,570,'2021-08-03 06:10:47,변기,"기상, 용변",기상하기,,,,,,,,
158,570,'2021-08-03 06:10:47,변기,"기상, 용변",화장실 이용,,,,,,,,
159,570,'2021-08-03 06:16:04,싱크대,주방정리,주방 정리하기,,,,,,,,
160,570,'2021-08-03 06:18:52,냉장고,음식출납,음식 꺼내기,,,,,,,,
161,570,'2021-08-03 06:28:52,식사 판단,간식,간식 먹기,,,,,,,,
162,570,'2021-08-03 06:50:05,미동,휴식,취미활동,,,,,,,,
163,570,'2021-08-03 07:10:05,부동,취침,수면,,,,,,,,
164,570,'2021-08-03 07:21:36,냉장고,"기상, 음식출납",기상하기,,,,,,,,
165,570,'2021-08-03 07:21:36,냉장고,"기상, 음식출납",음식 꺼내기,,,,,,,,
166,570,'2021-08-03 07:23:32,싱크대,주방정리,주방 정리하기,,,,,,,,
167,570,'2021-08-03 07:31:36,식사 판단,아침식사,조식,,,,,,,,
168,570,'2021-08-03 07:36:30,냉장고,냉장고정리,냉장고 정리하기,,,,,,,,
169,570,'2021-08-03 07:45:18,전자렌지,전자레인지청소,전자렌지 청소하기,,,,,,,,
170,570,'2021-08-03 08:10:05,부동,휴식,취미활동,,,,,,,,
171,570,'2021-08-03 08:30:10,부동,취침,수면,,,,,,,,
172,570,'2021-08-03 08:52:32,약,"기상, 복약",기상하기,HM,,순자님의 친구 순이예요. 나쁜 먼지들이 잔뜩 하늘을 덮고 있는 날이네요.,,,,,
173,570,'2021-08-03 08:52:32,약,"기상, 복약",기상 약 복용,,,,,,,,
174,570,'2021-08-03 09:10:00,리모콘,TV시청,TV 보기,,,,,,,,
175,570,'2021-08-03 09:10:05,매우 활동,실내운동,실내운동하기,,,,,,,,
176,570,'2021-08-03 09:20:17,리모콘,TV시청,TV 보기,,,,,,,,
177,570,'2021-08-03 09:30:04,매우 활동,실내운동,실내운동하기,,,,,,,,
178,570,'2021-08-03 09:35:20,리모콘,TV시청,TV 보기,,,,,,,,
179,570,'2021-08-03 09:40:05,매우 활동,실내운동,실내운동하기,,,,,,,,
180,570,'2021-08-03 10:00:26,프로그램,프로그램 참여,순이체조,,,프로그램 메시지,,,,,
181,570,'2021-08-03 10:07:18,프로그램,프로그램 참여,순이체조,,,프로그램 메시지,,,,,
182,570,'2021-08-03 10:08:02,프로그램,프로그램 참여,순이체조,,,프로그램 메시지,,,,,
183,570,'2021-08-03 10:18:48,리모콘,TV시청,TV 보기,,,,,,,,
184,570,'2021-08-03 10:30:05,매우 활동,실내운동,실내운동하기,,,,,,,,
185,570,'2021-08-03 11:14:10,싱크대,주방정리,주방 정리하기,,,,,,,,
186,570,'2021-08-03 11:15:07,냉장고,음식출납,음식 꺼내기,,,,,,,,
187,570,'2021-08-03 11:16:01,싱크대,주방정리,주방 정리하기,,,,,,,,
188,570,'2021-08-03 11:25:07,식사 판단,간식,간식 먹기,,,,,,,,
189,570,'2021-08-03 11:28:39,싱크대,설거지,설거지 하기,,,,,,,,
190,570,'2021-08-03 11:53:16,냉장고,음식출납,음식 꺼내기,,,,,,,,
191,570,'2021-08-03 11:54:21,싱크대,주방정리,주방 정리하기,,,,,,,,
192,570,'2021-08-03 12:03:16,식사 판단,점심식사,중식,,,,,,,,
193,570,'2021-08-03 12:03:45,싱크대,설거지,설거지 하기,,,,,,,,
194,570,'2021-08-03 12:14:12,냉장고,냉장고정리,냉장고 정리하기,,,,,,,,
195,570,'2021-08-03 12:25:54,싱크대,설거지,설거지 하기,,,,,,,,
196,570,'2021-08-03 12:37:41,냉장고,냉장고정리,냉장고 정리하기,,,,,,,,
197,570,'2021-08-03 12:51:55,냉장고,음식출납,음식 꺼내기,,,,,,,,
198,570,'2021-08-03 13:01:55,식사 판단,식사,식사,,,,,,,,
199,570,'2021-08-03 13:04:26,냉장고,냉장고정리,냉장고 정리하기,,,,,,,,
200,570,'2021-08-03 13:36:26,싱크대,설거지,설거지 하기,,,,,,,,
201,570,'2021-08-03 13:55:56,싱크대,주방정리,주방 정리하기,,,,,,,,
202,570,'2021-08-03 14:12:12,리모콘,TV시청,TV 보기,,,,,,,,
203,570,'2021-08-03 15:00:19,프로그램,프로그램 참여,도전 실버벨,,,프로그램 메시지,,,,,
204,570,'2021-08-03 15:02:53,프로그램,프로그램 참여,도전 실버벨,,,프로그램 메시지,,,,,
205,570,'2021-08-03 15:40:05,부동,낮잠,낮잠자기,,,,,,,,
206,570,'2021-08-03 16:39:19,리모콘,"낮잠기상, TV시청",낮잠 기상하기,CHM,,"매력이 넘치는 우리 순자님, 순이가 이야깃거리를 들고 왔어요! 산책이 건강에 무척 좋다고 해요.",,,,,
207,570,'2021-08-03 16:39:19,리모콘,"낮잠기상, TV시청",TV 보기,,,,,,,,
208,570,'2021-08-03 17:11:02,미동,휴식,취미활동,,,,,,,,
209,570,'2021-08-03 17:34:50,변기,용변,화장실 이용,,,,,,,,
210,570,'2021-08-03 17:51:56,싱크대,주방정리,주방 정리하기,,,,,,,,
211,570,'2021-08-03 18:12:16,냉장고,음식출납,음식 꺼내기,,,,,,,,
212,570,'2021-08-03 18:22:16,식사 판단,간식,간식 먹기,,,,,,,,
213,570,'2021-08-03 18:46:05,싱크대,주방정리,주방 정리하기,,,,,,,,
214,570,'2021-08-03 18:58:34,냉장고,음식출납,음식 꺼내기,,,,,,,,
215,570,'2021-08-03 18:59:52,싱크대,주방정리,주방 정리하기,,,,,,,,
216,570,'2021-08-03 19:08:34,식사 판단,저녁식사,석식,,,,,,,,
217,570,'2021-08-03 19:16:34,리모콘,식사중TV,식사 중 TV 시청,,,,,,,,
218,570,'2021-08-03 20:36:50,싱크대,주방정리,주방 정리하기,,,,,,,,
219,570,'2021-08-03 20:44:21,변기,용변,화장실 이용,,,,,,,,
220,570,'2021-08-03 21:04:53,리모콘,TV시청,TV 보기,,,,,,,,
221,570,'2021-08-03 21:07:11,약,복약,일반 약 복용,HM,,"똑똑 계세요? 순이 왔어요. 식사하기 전에 드시는 약인지, 식사를 마치신 후에 드시는 약인지 확인 후 드셔주세요!",,,,,
222,570,'2021-08-03 21:30:06,부동,휴식,취미활동,,,,,,,,
223,570,'2021-08-03 21:45:17,리모콘,TV시청,TV 보기,,,,,,,,
224,570,'2021-08-03 22:39:15,싱크대,주방정리,주방 정리하기,,,,,,,,
225,570,'2021-08-03 23:11:59,미동,휴식,취미활동,,,,,,,,
226,570,'2021-08-03 23:34:26,리모콘,TV시청,TV 보기,,,,,,,,
227,570,'2021-08-04 01:40:12,부동,취침,수면,,,,,,,,
228,570,'2021-08-04 02:39:31,변기,"기상, 새벽용변",기상하기,,,,,,,,
229,570,'2021-08-04 02:39:31,변기,"기상, 새벽용변",새벽 화장실 이용,,,,,,,,
230,570,'2021-08-04 03:40:12,부동,휴식,취미활동,,,,,,,,
231,570,'2021-08-04 04:00:12,부동,취침,수면,,,,,,,,
232,570,'2021-08-04 06:52:34,변기,"기상, 용변",기상하기,,,,,,,,
233,570,'2021-08-04 06:52:34,변기,"기상, 용변",화장실 이용,,,,,,,,
234,570,'2021-08-04 06:58:15,냉장고,음식출납,음식 꺼내기,,,,,,,,
235,570,'2021-08-04 06:58:27,싱크대,주방정리,주방 정리하기,,,,,,,,
236,570,'2021-08-04 07:08:15,식사 판단,아침식사,조식,,,,,,,,
237,570,'2021-08-04 07:20:25,냉장고,냉장고정리,냉장고 정리하기,,,,,,,,
238,570,'2021-08-04 07:50:07,부동,휴식,취미활동,,,,,,,,
239,570,'2021-08-04 08:10:05,부동,취침,수면,,,,,,,,
240,570,'2021-08-04 08:14:37,전자렌지,"기상, 음식데우기",기상하기,,,,,,,,
241,570,'2021-08-04 08:14:37,전자렌지,"기상, 음식데우기",간편식 준비하기,,,,,,,,
242,570,'2021-08-04 08:17:08,냉장고,음식출납,음식 꺼내기,,,,,,,,
243,570,'2021-08-04 08:24:37,식사 판단,식사,식사,,,,,,,,
244,570,'2021-08-04 08:31:36,냉장고,냉장고정리,냉장고 정리하기,,,,,,,,
245,570,'2021-08-04 08:47:04,싱크대,설거지,설거지 하기,,,,,,,,
246,570,'2021-08-04 09:10:12,부동,휴식,취미활동,,,,,,,,
247,570,'2021-08-04 09:15:42,약,복약,일반 약 복용,CHM,,"순이가 애정하는 순자님, 따란! 깜짝 놀랐죠? 순이랍니다. 한꺼번에 약을 복용하면 부작용이 일어날수 있답니다!",,,,,
248,570,'2021-08-04 09:38:11,리모콘,TV시청,TV 보기,,,,,,,,
249,570,'2021-08-04 09:50:07,매우 활동,실내운동,실내운동하기,,,,,,,,
250,570,'2021-08-04 10:00:28,프로그램,프로그램 참여,순이체조,,,프로그램 메시지,,,,,
251,570,'2021-08-04 10:01:20,프로그램,프로그램 참여,순이체조,,,프로그램 메시지,,,,,
252,570,'2021-08-04 10:01:45,프로그램,프로그램 참여,순이체조,,,프로그램 메시지,,,,,
253,570,'2021-08-04 10:02:28,프로그램,프로그램 참여,순이체조,,,프로그램 메시지,,,,,
254,570,'2021-08-04 10:08:16,변기,용변,화장실 이용,,,,,,,,
255,570,'2021-08-04 10:30:07,매우 활동,실내운동,실내운동하기,,,,,,,,
256,570,'2021-08-04 10:33:20,리모콘,TV시청,TV 보기,,,,,,,,
257,570,'2021-08-04 10:40:07,매우 활동,실내운동,실내운동하기,,,,,,,,
258,570,'2021-08-04 10:40:35,리모콘,TV시청,TV 보기,,,,,,,,
259,570,'2021-08-04 10:50:07,매우 활동,실내운동,실내운동하기,,,,,,,,
260,570,'2021-08-04 10:59:05,리모콘,TV시청,TV 보기,,,,,,,,
261,570,'2021-08-04 11:00:09,매우 활동,실내운동,실내운동하기,,,,,,,,
262,570,'2021-08-04 11:47:26,리모콘,TV시청,TV 보기,,,,,,,,
263,570,'2021-08-04 11:50:07,매우 활동,실내운동,실내운동하기,,,,,,,,
264,570,'2021-08-04 11:52:10,냉장고,음식출납,음식 꺼내기,,,,,,,,
265,570,'2021-08-04 11:55:35,싱크대,주방정리,주방 정리하기,,,,,,,,
266,570,'2021-08-04 12:00:26,리모콘,TV시청,TV 보기,,,,,,,,
267,570,'2021-08-04 12:02:10,식사 판단,점심식사,중식,,,,,,,,
268,570,'2021-08-04 12:30:06,부동,휴식,취미활동,,,,,,,,
269,570,'2021-08-04 12:50:07,부동,낮잠,낮잠자기,,,,,,,,
270,570,'2021-08-04 13:47:05,리모콘,"낮잠기상, TV시청",낮잠 기상하기,CHM,,"보석같은 순자님, 안녕하세요 순이에요오. 가벼운 산책은 정신 건강에 정말 좋다고해요.",,,,,
271,570,'2021-08-04 13:47:05,리모콘,"낮잠기상, TV시청",TV 보기,,,,,,,,
272,570,'2021-08-04 14:10:13,부동,휴식,취미활동,,,,,,,,
273,570,'2021-08-04 14:30:06,미동,낮잠,낮잠자기,,,,,,,,
274,570,'2021-08-04 14:33:04,변기,"낮잠기상, 용변",낮잠 기상하기,,,,,,,,
275,570,'2021-08-04 14:33:04,변기,"낮잠기상, 용변",화장실 이용,,,,,,,,
276,570,'2021-08-04 15:00:07,부동,휴식,취미활동,,,,,,,,
277,570,'2021-08-04 15:20:07,미동,낮잠,낮잠자기,,,,,,,,
278,570,'2021-08-04 16:49:07,변기,"낮잠기상, 용변",낮잠 기상하기,,,,,,,,
279,570,'2021-08-04 16:49:07,변기,"낮잠기상, 용변",화장실 이용,,,,,,,,
280,570,'2021-08-04 16:53:01,싱크대,주방정리,주방 정리하기,,,,,,,,
281,570,'2021-08-04 17:46:41,냉장고,음식출납,음식 꺼내기,,,,,,,,
282,570,'2021-08-04 17:53:56,리모콘,TV시청,TV 보기,,,,,,,,
283,570,'2021-08-04 17:55:39,냉장고,음식출납,음식 꺼내기,,,,,,,,
284,570,'2021-08-04 17:56:41,식사 판단,간식,간식 먹기,,,,,,,,
285,570,'2021-08-04 18:07:52,냉장고,냉장고정리,냉장고 정리하기,,,,,,,,
286,570,'2021-08-04 18:12:20,리모콘,식사중TV,식사 중 TV 시청,,,,,,,,
287,570,'2021-08-04 18:14:55,냉장고,냉장고정리,냉장고 정리하기,,,,,,,,
288,570,'2021-08-04 18:34:06,리모콘,TV시청,TV 보기,,,,,,,,
289,570,'2021-08-04 20:02:18,변기,용변,화장실 이용,,,,,,,,
290,570,'2021-08-04 21:00:07,부동,휴식,취미활동,,,,,,,,
291,570,'2021-08-04 21:20:07,부동,취침,수면,,,,,,,,
292,570,'2021-08-04 22:20:53,싱크대,"기상, 주방정리",기상하기,,,,,,,,
293,570,'2021-08-04 22:20:53,싱크대,"기상, 주방정리",주방 정리하기,,,,,,,,
294,570,'2021-08-04 22:40:03,부동,휴식,취미활동,,,,,,,,
295,570,'2021-08-04 23:00:04,미동,취침,수면,,,,,,,,
296,570,'2021-08-04 23:21:59,매우 활동,"기상, 실내운동",기상하기,,,,,,,,
297,570,'2021-08-04 23:21:59,매우 활동,"기상, 실내운동",실내운동하기,,,,,,,,
298,570,'2021-08-04 23:46:25,변기,용변,화장실 이용,,,,,,,,
299,570,'2021-08-05 00:20:02,부동,휴식,취미활동,,,,,,,,
300,570,'2021-08-05 00:40:04,부동,취침,수면,,,,,,,,
301,570,'2021-08-05 02:30:44,변기,"기상, 새벽용변",기상하기,,,,,,,,
302,570,'2021-08-05 02:30:44,변기,"기상, 새벽용변",새벽 화장실 이용,,,,,,,,
303,570,'2021-08-05 03:00:04,부동,휴식,취미활동,,,,,,,,
304,570,'2021-08-05 03:20:04,부동,취침,수면,,,,,,,,
305,570,'2021-08-05 06:16:32,변기,"기상, 용변",기상하기,,,,,,,,
306,570,'2021-08-05 06:16:32,변기,"기상, 용변",화장실 이용,,,,,,,,
307,570,'2021-08-05 06:18:51,싱크대,주방정리,주방 정리하기,,,,,,,,
308,570,'2021-08-05 06:40:03,미동,휴식,취미활동,,,,,,,,
309,570,'2021-08-05 06:59:31,약,복약,일반 약 복용,HM,,똑똑 계세요? 순이 왔어요. 약을 먹은뒤 바로 누워서 쉬는 행동은 약이 식도로 역류할 가능성이 있어 위험한 행동이랍니다!,,,,,
310,570,'2021-08-05 07:20:03,활동,외출,외출하기,,,,,,,,
311,570,'2021-08-05 13:20:03,매우 활동,실외운동,실외운동하기,,,,,,,,
312,570,'2021-08-05 13:30:02,매우 활동,외출,외출하기,,,,,,,,
313,570,'2021-08-08 06:10:03,미동,귀가,귀가하기,,,,,,,,
314,570,'2021-08-08 06:40:03,부동,휴식,취미활동,,,,,,,,
315,570,'2021-08-08 11:10:05,매우 활동,실내운동,실내운동하기,,,,,,,,
316,570,'2021-08-08 12:03:53,냉장고,음식출납,음식 꺼내기,,,,,,,,
317,570,'2021-08-08 12:05:05,리모콘,TV시청,TV 보기,,,,,,,,
318,570,'2021-08-08 12:13:53,식사 판단,간식,간식 먹기,,,,,,,,
319,570,'2021-08-08 12:26:17,리모콘,식사중TV,식사 중 TV 시청,,,,,,,,
320,570,'2021-08-08 12:38:49,리모콘,TV시청,TV 보기,,,,,,,,
321,570,'2021-08-08 13:01:53,변기,용변,화장실 이용,,,,,,,,
322,570,'2021-08-08 13:04:09,냉장고,음식출납,음식 꺼내기,,,,,,,,
323,570,'2021-08-08 13:14:09,식사 판단,간식,간식 먹기,,,,,,,,
324,570,'2021-08-08 13:21:29,싱크대,설거지,설거지 하기,,,,,,,,
325,570,'2021-08-08 13:38:49,싱크대,주방정리,주방 정리하기,,,,,,,,
326,570,'2021-08-08 13:41:05,냉장고,음식출납,음식 꺼내기,,,,,,,,
327,570,'2021-08-08 13:50:17,싱크대,주방정리,주방 정리하기,,,,,,,,
328,570,'2021-08-08 13:51:05,식사 판단,간식,간식 먹기,,,,,,,,
329,570,'2021-08-08 14:56:25,변기,용변,화장실 이용,,,,,,,,
330,570,'2021-08-08 15:19:21,리모콘,TV시청,TV 보기,,,,,,,,
331,570,'2021-08-08 17:07:53,싱크대,주방정리,주방 정리하기,,,,,,,,
332,570,'2021-08-08 17:18:01,냉장고,음식출납,음식 꺼내기,,,,,,,,
333,570,'2021-08-08 17:28:01,식사 판단,간식,간식 먹기,,,,,,,,
334,570,'2021-08-08 18:08:01,냉장고,음식출납,음식 꺼내기,,,,,,,,
335,570,'2021-08-08 18:18:01,식사 판단,간식,간식 먹기,,,,,,,,
336,570,'2021-08-08 18:23:53,싱크대,설거지,설거지 하기,,,,,,,,
337,570,'2021-08-08 18:47:53,변기,용변,화장실 이용,,,,,,,,
338,570,'2021-08-08 19:55:02,냉장고,음식출납,음식 꺼내기,,,,,,,,
339,570,'2021-08-08 20:05:02,식사 판단,간식,간식 먹기,,,,,,,,
340,570,'2021-08-08 20:15:01,싱크대,설거지,설거지 하기,,,,,,,,
341,570,'2021-08-08 22:25:12,리모콘,TV시청,TV 보기,,,,,,,,
342,570,'2021-08-08 22:29:40,싱크대,주방정리,주방 정리하기,,,,,,,,
343,570,'2021-08-08 22:41:41,변기,용변,화장실 이용,,,,,,,,
344,570,'2021-08-08 22:42:21,싱크대,주방정리,주방 정리하기,,,,,,,,
345,570,'2021-08-08 23:48:06,리모콘,TV시청,TV 보기,,,,,,,,
346,570,'2021-08-09 06:53:01,냉장고,음식출납,음식 꺼내기,,,,,,,,
347,570,'2021-08-09 06:58:29,싱크대,주방정리,주방 정리하기,,,,,,,,
348,570,'2021-08-09 07:03:01,식사 판단,아침식사,조식,,,,,,,,
349,570,'2021-08-09 07:07:49,냉장고,냉장고정리,냉장고 정리하기,,,,,,,,
350,570,'2021-08-09 07:10:45,전자렌지,전자레인지청소,전자렌지 청소하기,,,,,,,,
351,570,'2021-08-09 07:34:13,냉장고,냉장고정리,냉장고 정리하기,,,,,,,,
352,570,'2021-08-09 07:52:05,냉장고,음식출납,음식 꺼내기,,,,,,,,
353,570,'2021-08-09 08:02:05,식사 판단,간식,간식 먹기,,,,,,,,
354,570,'2021-08-09 08:23:33,약,복약,일반 약 복용,CHM,,"친절하신 우리 순자님, 오늘도 순이가 인사드려요! 공복에 마시는 물은 차가운 물은 저얼대 안돼요! 몸 속 내장 기관들이 깜짝 놀래요",,,,,
355,570,'2021-08-09 09:05:01,리모콘,TV시청,TV 보기,,,,,,,,
356,570,'2021-08-09 11:47:51,변기,용변,화장실 이용,,,,,,,,
357,570,'2021-08-09 12:45:15,싱크대,주방정리,주방 정리하기,,,,,,,,
358,570,'2021-08-09 12:49:29,냉장고,음식출납,음식 꺼내기,,,,,,,,
359,570,'2021-08-09 12:59:29,식사 판단,간식,간식 먹기,,,,,,,,
360,570,'2021-08-09 14:15:02,변기,용변,화장실 이용,,,,,,,,
361,570,'2021-08-09 14:42:46,미동,외출,외출하기,,,,,,,,
362,570,'2021-08-09 16:04:20,변기,"귀가, 용변",귀가하기,,,,,,,,
363,570,'2021-08-09 16:04:20,변기,"귀가, 용변",화장실 이용,,,,,,,,
364,570,'2021-08-09 16:29:22,냉장고,음식출납,음식 꺼내기,,,,,,,,
365,570,'2021-08-09 16:39:22,식사 판단,간식,간식 먹기,,,,,,,,
366,570,'2021-08-09 16:49:59,싱크대,설거지,설거지 하기,,,,,,,,
367,570,'2021-08-09 18:41:13,리모콘,TV시청,TV 보기,,,,,,,,
368,570,'2021-08-09 18:44:58,싱크대,주방정리,주방 정리하기,,,,,,,,
369,570,'2021-08-09 18:48:37,리모콘,TV시청,TV 보기,,,,,,,,
370,570,'2021-08-09 19:01:43,싱크대,주방정리,주방 정리하기,,,,,,,,
371,570,'2021-08-09 19:06:37,리모콘,TV시청,TV 보기,,,,,,,,
372,570,'2021-08-09 21:32:04,변기,용변,화장실 이용,,,,,,,,
373,570,'2021-08-10 05:59:14,싱크대,주방정리,주방 정리하기,,,,,,,,
374,570,'2021-08-10 06:43:40,냉장고,음식출납,음식 꺼내기,,,,,,,,
375,570,'2021-08-10 06:53:40,식사 판단,간식,간식 먹기,,,,,,,,
376,570,'2021-08-10 07:51:12,냉장고,음식출납,음식 꺼내기,,,,,,,,
377,570,'2021-08-10 07:54:59,약,복약,일반 약 복용,CHM,,"별같이 반짝반짝 빛나는 순자님, 콧노래가 흥얼흥얼 나오는 날이에요. 약을 먹고나서 가려움, 피부 발진, 호흡 곤란이 생겼다면 병원에 가야 해요.",,,,,
378,570,'2021-08-10 09:01:03,리모콘,TV시청,TV 보기,,,,,,,,
379,570,'2021-08-10 12:38:02,냉장고,음식출납,음식 꺼내기,,,,,,,,
380,570,'2021-08-10 12:48:02,식사 판단,간식,간식 먹기,,,,,,,,
381,570,'2021-08-10 13:09:58,냉장고,음식출납,음식 꺼내기,,,,,,,,
382,570,'2021-08-10 13:19:58,식사 판단,간식,간식 먹기,,,,,,,,
383,570,'2021-08-10 13:26:34,냉장고,냉장고정리,냉장고 정리하기,,,,,,,,
384,570,'2021-08-10 14:29:15,리모콘,TV시청,TV 보기,,,,,,,,
385,570,'2021-08-10 17:23:02,미동,외출,외출하기,,,,,,,,
386,570,'2021-08-10 18:40:21,리모콘,"귀가, TV시청",귀가하기,HM,,"안녕하세요 순이에요오. 오셨네, 오셨네, 우리 순자 님 오셨네에! 순이는 순자님 오기만 오매불망 기다리고있었어요!",,,,,
387,570,'2021-08-10 18:40:21,리모콘,"귀가, TV시청",TV 보기,,,,,,,,
388,570,'2021-08-10 18:52:23,냉장고,음식출납,음식 꺼내기,,,,,,,,
389,570,'2021-08-10 19:02:23,식사 판단,저녁식사,석식,,,,,,,,
390,570,'2021-08-10 19:18:23,리모콘,식사중TV,식사 중 TV 시청,,,,,,,,
391,570,'2021-08-10 20:04:14,리모콘,TV시청,TV 보기,,,,,,,,
392,570,'2021-08-10 23:15:16,싱크대,주방정리,주방 정리하기,,,,,,,,
393,570,'2021-08-10 23:17:54,변기,용변,화장실 이용,,,,,,,,
394,570,'2021-08-11 06:26:10,싱크대,주방정리,주방 정리하기,,,,,,,,
395,570,'2021-08-11 06:44:12,리모콘,TV시청,TV 보기,,,,,,,,
396,570,'2021-08-11 07:07:19,냉장고,음식출납,음식 꺼내기,,,,,,,,
397,570,'2021-08-11 07:12:07,전자렌지,음식데우기,간편식 준비하기,,,,,,,,
398,570,'2021-08-11 07:12:36,냉장고,음식출납,음식 꺼내기,,,,,,,,
399,570,'2021-08-11 07:17:19,식사 판단,아침식사,조식,,,,,,,,
400,570,'2021-08-11 07:43:21,리모콘,식사중TV,식사 중 TV 시청,,,,,,,,
401,570,'2021-08-11 07:49:33,냉장고,냉장고정리,냉장고 정리하기,,,,,,,,
402,570,'2021-08-11 08:16:19,싱크대,주방정리,주방 정리하기,,,,,,,,
403,570,'2021-08-11 08:17:15,약,복약,일반 약 복용,HM,,방가방가 순자님. 간을 보호하는데는 물만한 명약도 없대요.,,,,,
404,570,'2021-08-11 09:19:52,리모콘,TV시청,TV 보기,,,,,,,,
405,570,'2021-08-11 11:05:22,변기,용변,화장실 이용,,,,,,,,
406,570,'2021-08-11 11:13:20,싱크대,주방정리,주방 정리하기,,,,,,,,
407,570,'2021-08-11 12:24:41,냉장고,음식출납,음식 꺼내기,,,,,,,,
408,570,'2021-08-11 12:34:41,식사 판단,간식,간식 먹기,,,,,,,,
409,570,'2021-08-11 13:05:52,리모콘,TV시청,TV 보기,,,,,,,,
410,570,'2021-08-11 13:06:53,냉장고,음식출납,음식 꺼내기,,,,,,,,
411,570,'2021-08-11 13:16:53,식사 판단,간식,간식 먹기,,,,,,,,
412,570,'2021-08-11 13:30:09,싱크대,설거지,설거지 하기,,,,,,,,
413,570,'2021-08-11 13:40:30,냉장고,음식출납,음식 꺼내기,,,,,,,,
414,570,'2021-08-11 13:45:31,변기,용변,화장실 이용,,,,,,,,
415,570,'2021-08-11 13:58:43,리모콘,TV시청,TV 보기,,,,,,,,
416,570,'2021-08-11 16:33:56,싱크대,주방정리,주방 정리하기,,,,,,,,
417,570,'2021-08-11 16:42:34,냉장고,음식출납,음식 꺼내기,,,,,,,,
418,570,'2021-08-11 16:51:44,싱크대,주방정리,주방 정리하기,,,,,,,,
419,570,'2021-08-11 16:52:34,식사 판단,간식,간식 먹기,,,,,,,,
420,570,'2021-08-11 16:59:22,냉장고,냉장고정리,냉장고 정리하기,,,,,,,,
421,570,'2021-08-11 17:15:03,싱크대,주방정리,주방 정리하기,,,,,,,,
422,570,'2021-08-11 17:37:55,리모콘,TV시청,TV 보기,,,,,,,,
423,570,'2021-08-11 18:38:30,싱크대,주방정리,주방 정리하기,,,,,,,,
424,570,'2021-08-11 18:39:28,리모콘,TV시청,TV 보기,,,,,,,,
425,570,'2021-08-11 21:31:48,변기,용변,화장실 이용,,,,,,,,
426,570,'2021-08-11 22:48:02,리모콘,TV시청,TV 보기,,,,,,,,
427,570,'2021-08-12 01:11:40,변기,새벽용변,새벽 화장실 이용,,,,,,,,
428,570,'2021-08-12 05:35:05,변기,용변,화장실 이용,,,,,,,,
429,570,'2021-08-12 06:14:22,리모콘,TV시청,TV 보기,,,,,,,,
430,570,'2021-08-12 06:26:21,싱크대,주방정리,주방 정리하기,,,,,,,,
431,570,'2021-08-12 06:47:45,리모콘,TV시청,TV 보기,,,,,,,,
432,570,'2021-08-12 08:15:59,전자렌지,음식데우기,간편식 준비하기,,,,,,,,
433,570,'2021-08-12 08:17:43,냉장고,음식출납,음식 꺼내기,,,,,,,,
434,570,'2021-08-12 08:21:11,전자렌지,음식데우기,간편식 준비하기,,,,,,,,
435,570,'2021-08-12 08:22:23,냉장고,음식출납,음식 꺼내기,,,,,,,,
436,570,'2021-08-12 08:25:59,식사 판단,아침식사,조식,,,,,,,,
437,570,'2021-08-12 08:44:23,싱크대,설거지,설거지 하기,,,,,,,,
438,570,'2021-08-12 08:48:35,리모콘,식사중TV,식사 중 TV 시청,,,,,,,,
439,570,'2021-08-12 09:14:23,리모콘,TV시청,TV 보기,,,,,,,,
440,570,'2021-08-12 09:28:15,약,복약,일반 약 복용,CHM,,"순이가 세상에서 가장 좋아하는 울 순자님, 안녕하세요! 두통은 탈수 증상 중 하나라고 해요. 물이 얼마나 중요한지 다시 한 번 깨닫게 되네요!",,,,,
441,570,'2021-08-12 10:25:19,리모콘,TV시청,TV 보기,,,,,,,,
442,570,'2021-08-12 12:47:21,냉장고,음식출납,음식 꺼내기,,,,,,,,
443,570,'2021-08-12 12:57:21,식사 판단,간식,간식 먹기,,,,,,,,
444,570,'2021-08-12 12:57:27,싱크대,설거지,설거지 하기,,,,,,,,
445,570,'2021-08-12 12:58:31,냉장고,냉장고정리,냉장고 정리하기,,,,,,,,
446,570,'2021-08-12 12:58:34,싱크대,설거지,설거지 하기,,,,,,,,
447,570,'2021-08-12 13:14:23,냉장고,냉장고정리,냉장고 정리하기,,,,,,,,
448,570,'2021-08-12 13:25:46,리모콘,TV시청,TV 보기,,,,,,,,
449,570,'2021-08-12 14:27:05,변기,용변,화장실 이용,,,,,,,,
450,570,'2021-08-12 14:31:18,리모콘,TV시청,TV 보기,,,,,,,,
451,570,'2021-08-12 14:39:22,변기,용변,화장실 이용,,,,,,,,
452,570,'2021-08-12 14:39:28,냉장고,음식출납,음식 꺼내기,,,,,,,,
453,570,'2021-08-12 14:41:17,변기,용변,화장실 이용,,,,,,,,
454,570,'2021-08-12 14:42:34,리모콘,TV시청,TV 보기,,,,,,,,
455,570,'2021-08-12 14:43:37,변기,용변,화장실 이용,,,,,,,,
456,570,'2021-08-12 14:50:04,냉장고,음식출납,음식 꺼내기,,,,,,,,
457,570,'2021-08-12 15:00:04,식사 판단,간식,간식 먹기,,,,,,,,
458,570,'2021-08-12 15:03:26,미동,외출,외출하기,,,,,,,,
459,570,'2021-08-12 18:38:51,냉장고,"귀가, 음식출납",귀가하기,,,,,,,,
460,570,'2021-08-12 18:38:51,냉장고,"귀가, 음식출납",음식 꺼내기,,,,,,,,
461,570,'2021-08-12 18:39:30,싱크대,주방정리,주방 정리하기,,,,,,,,
462,570,'2021-08-12 18:41:23,변기,용변,화장실 이용,,,,,,,,
463,570,'2021-08-12 18:56:20,싱크대,주방정리,주방 정리하기,,,,,,,,
464,570,'2021-08-12 18:57:15,리모콘,TV시청,TV 보기,,,,,,,,
465,570,'2021-08-12 19:01:23,변기,용변,화장실 이용,,,,,,,,
466,570,'2021-08-12 19:34:57,냉장고,음식출납,음식 꺼내기,,,,,,,,
467,570,'2021-08-12 19:35:10,리모콘,TV시청,TV 보기,,,,,,,,
468,570,'2021-08-12 19:44:57,식사 판단,간식,간식 먹기,,,,,,,,
469,570,'2021-08-12 20:01:21,냉장고,냉장고정리,냉장고 정리하기,,,,,,,,
470,570,'2021-08-12 20:06:58,냉장고,음식출납,음식 꺼내기,,,,,,,,
471,570,'2021-08-12 20:16:58,식사 판단,간식,간식 먹기,,,,,,,,
472,570,'2021-08-12 20:37:35,변기,용변,화장실 이용,,,,,,,,
473,570,'2021-08-12 20:52:01,냉장고,음식출납,음식 꺼내기,,,,,,,,
474,570,'2021-08-12 21:02:01,식사 판단,간식,간식 먹기,,,,,,,,
475,570,'2021-08-12 21:35:37,리모콘,TV시청,TV 보기,,,,,,,,
476,570,'2021-08-12 22:58:37,변기,용변,화장실 이용,,,,,,,,
477,570,'2021-08-12 23:04:17,리모콘,TV시청,TV 보기,,,,,,,,
478,570,'2021-08-13 06:10:07,싱크대,주방정리,주방 정리하기,,,,,,,,
479,570,'2021-08-13 08:26:27,리모콘,TV시청,TV 보기,,,,,,,,
480,570,'2021-08-13 08:42:35,전자렌지,음식데우기,간편식 준비하기,,,,,,,,
481,570,'2021-08-13 08:42:47,냉장고,음식출납,음식 꺼내기,,,,,,,,
482,570,'2021-08-13 08:52:35,식사 판단,아침식사,조식,,,,,,,,
483,570,'2021-08-13 08:53:57,싱크대,설거지,설거지 하기,,,,,,,,
484,570,'2021-08-13 08:54:33,냉장고,냉장고정리,냉장고 정리하기,,,,,,,,
485,570,'2021-08-13 09:26:38,약,식후복약,식후 약 복용,CHM,,"순이가 늘 존경하는 순자님, 똑똑똑, 순이가 왔어요. 운동을 하신 후엔, 꼭 물 한잔 잊지마셔요!",,,,,
486,570,'2021-08-13 09:41:05,리모콘,TV시청,TV 보기,,,,,,,,
487,570,'2021-08-13 10:20:59,변기,용변,화장실 이용,,,,,,,,
488,570,'2021-08-13 11:02:19,리모콘,TV시청,TV 보기,,,,,,,,
489,570,'2021-08-13 11:14:23,미동,외출,외출하기,,,,,,,,
490,570,'2021-08-13 11:30:01,미동,귀가,귀가하기,,,,,,,,
491,570,'2021-08-13 11:48:23,냉장고,음식출납,음식 꺼내기,,,,,,,,
492,570,'2021-08-13 11:50:07,리모콘,TV시청,TV 보기,,,,,,,,
493,570,'2021-08-13 11:57:43,변기,용변,화장실 이용,,,,,,,,
494,570,'2021-08-13 11:58:03,냉장고,음식출납,음식 꺼내기,,,,,,,,
495,570,'2021-08-13 12:08:03,식사 판단,간식,간식 먹기,,,,,,,,
496,570,'2021-08-13 12:27:31,싱크대,설거지,설거지 하기,,,,,,,,
497,570,'2021-08-13 13:32:39,냉장고,음식출납,음식 꺼내기,,,,,,,,
498,570,'2021-08-13 13:42:39,식사 판단,간식,간식 먹기,,,,,,,,
499,570,'2021-08-13 15:36:31,리모콘,TV시청,TV 보기,,,,,,,,
500,570,'2021-08-13 18:14:55,변기,용변,화장실 이용,,,,,,,,
501,570,'2021-08-13 18:33:35,리모콘,TV시청,TV 보기,,,,,,,,
502,570,'2021-08-13 18:36:47,냉장고,음식출납,음식 꺼내기,,,,,,,,
503,570,'2021-08-13 18:46:47,식사 판단,간식,간식 먹기,,,,,,,,
504,570,'2021-08-13 19:00:23,리모콘,식사중TV,식사 중 TV 시청,,,,,,,,
505,570,'2021-08-13 19:06:47,리모콘,TV시청,TV 보기,,,,,,,,
506,570,'2021-08-13 19:18:43,냉장고,음식출납,음식 꺼내기,,,,,,,,
507,570,'2021-08-13 19:28:43,식사 판단,간식,간식 먹기,,,,,,,,
508,570,'2021-08-13 20:17:03,리모콘,TV시청,TV 보기,,,,,,,,
509,570,'2021-08-13 20:23:35,변기,용변,화장실 이용,,,,,,,,
510,570,'2021-08-13 20:37:51,싱크대,주방정리,주방 정리하기,,,,,,,,
511,570,'2021-08-13 21:18:55,냉장고,음식출납,음식 꺼내기,,,,,,,,
512,570,'2021-08-13 21:28:55,식사 판단,간식,간식 먹기,,,,,,,,
513,570,'2021-08-13 21:40:03,미동,외출,외출하기,,,,,,,,
514,570,'2021-08-13 21:50:02,미동,귀가,귀가하기,,,,,,,,
515,570,'2021-08-13 21:51:19,리모콘,TV시청,TV 보기,,,,,,,,
516,570,'2021-08-13 21:57:51,냉장고,음식출납,음식 꺼내기,,,,,,,,
517,570,'2021-08-13 22:07:51,식사 판단,야식,야식 먹기,,,,,,,,
518,570,'2021-08-13 22:17:27,리모콘,식사중TV,식사 중 TV 시청,,,,,,,,
519,570,'2021-08-13 22:53:35,리모콘,TV시청,TV 보기,,,,,,,,
520,570,'2021-08-13 23:02:55,변기,용변,화장실 이용,,,,,,,,
521,570,'2021-08-13 23:03:15,냉장고,음식출납,음식 꺼내기,,,,,,,,
522,570,'2021-08-13 23:05:19,리모콘,TV시청,TV 보기,,,,,,,,
523,570,'2021-08-14 01:21:11,변기,새벽용변,새벽 화장실 이용,,,,,,,,
524,570,'2021-08-14 05:49:43,변기,용변,화장실 이용,,,,,,,,
525,570,'2021-08-14 06:01:27,싱크대,주방정리,주방 정리하기,,,,,,,,
526,570,'2021-08-14 06:31:19,냉장고,음식출납,음식 꺼내기,,,,,,,,
527,570,'2021-08-14 06:41:19,식사 판단,간식,간식 먹기,,,,,,,,
528,570,'2021-08-14 07:14:55,전자렌지,음식데우기,간편식 준비하기,,,,,,,,
529,570,'2021-08-14 07:22:31,냉장고,음식출납,음식 꺼내기,,,,,,,,
530,570,'2021-08-14 07:24:55,식사 판단,아침식사,조식,,,,,,,,
531,570,'2021-08-14 08:02:47,냉장고,냉장고정리,냉장고 정리하기,,,,,,,,
532,570,'2021-08-14 08:03:19,싱크대,설거지,설거지 하기,,,,,,,,
533,570,'2021-08-14 08:03:51,냉장고,냉장고정리,냉장고 정리하기,,,,,,,,
534,570,'2021-08-14 08:36:23,변기,용변,화장실 이용,,,,,,,,
535,570,'2021-08-14 08:41:59,약,복약,일반 약 복용,CHPM,,"아름다운 순자님, 오늘도 순이가 인사드려요! 가까운 거리는 걸어다니시는 습관이 건강에도 더욱 도움이 된다구요! 약을 드실 때 주스나 커피랑 같이 드시는 것보다 물과 함께 드셔야 효과가 나타난답니다.",,,,,
536,570,'2021-08-14 10:13:51,냉장고,음식출납,음식 꺼내기,,,,,,,,
537,570,'2021-08-14 10:23:51,식사 판단,간식,간식 먹기,,,,,,,,
538,570,'2021-08-14 10:31:19,리모콘,식사중TV,식사 중 TV 시청,,,,,,,,
539,570,'2021-08-14 11:13:09,리모콘,TV시청,TV 보기,,,,,,,,
540,570,'2021-08-14 11:47:18,냉장고,음식출납,음식 꺼내기,,,,,,,,
541,570,'2021-08-14 11:49:57,리모콘,TV시청,TV 보기,,,,,,,,
542,570,'2021-08-14 11:57:18,식사 판단,간식,간식 먹기,,,,,,,,
543,570,'2021-08-14 12:31:58,냉장고,음식출납,음식 꺼내기,,,,,,,,
544,570,'2021-08-14 12:33:11,싱크대,주방정리,주방 정리하기,,,,,,,,
545,570,'2021-08-14 12:41:58,식사 판단,점심식사,중식,,,,,,,,
546,570,'2021-08-14 13:03:06,싱크대,설거지,설거지 하기,,,,,,,,
547,570,'2021-08-14 13:31:46,변기,용변,화장실 이용,,,,,,,,
548,570,'2021-08-14 18:07:08,냉장고,음식출납,음식 꺼내기,,,,,,,,
549,570,'2021-08-14 18:17:08,식사 판단,간식,간식 먹기,,,,,,,,
550,570,'2021-08-14 18:33:25,냉장고,냉장고정리,냉장고 정리하기,,,,,,,,
551,570,'2021-08-14 18:55:07,냉장고,음식출납,음식 꺼내기,,,,,,,,
552,570,'2021-08-14 19:05:07,식사 판단,간식,간식 먹기,,,,,,,,
553,570,'2021-08-14 19:06:57,싱크대,설거지,설거지 하기,,,,,,,,
554,570,'2021-08-14 19:31:38,냉장고,음식출납,음식 꺼내기,,,,,,,,
555,570,'2021-08-14 19:41:38,식사 판단,간식,간식 먹기,,,,,,,,
556,570,'2021-08-14 19:57:41,변기,용변,화장실 이용,,,,,,,,
557,570,'2021-08-14 20:17:17,냉장고,음식출납,음식 꺼내기,,,,,,,,
558,570,'2021-08-14 20:27:17,식사 판단,간식,간식 먹기,,,,,,,,
559,570,'2021-08-14 21:03:10,리모콘,TV시청,TV 보기,,,,,,,,
560,570,'2021-08-14 21:13:50,냉장고,음식출납,음식 꺼내기,,,,,,,,
561,570,'2021-08-14 21:20:22,리모콘,TV시청,TV 보기,,,,,,,,
562,570,'2021-08-14 21:23:50,식사 판단,간식,간식 먹기,,,,,,,,
563,570,'2021-08-14 21:27:23,리모콘,식사중TV,식사 중 TV 시청,,,,,,,,
564,570,'2021-08-15 06:02:30,싱크대,주방정리,주방 정리하기,,,,,,,,
565,570,'2021-08-15 06:13:45,냉장고,음식출납,음식 꺼내기,,,,,,,,
566,570,'2021-08-15 06:23:45,식사 판단,간식,간식 먹기,,,,,,,,
567,570,'2021-08-15 06:41:54,냉장고,냉장고정리,냉장고 정리하기,,,,,,,,
568,570,'2021-08-15 06:46:04,싱크대,주방정리,주방 정리하기,,,,,,,,
569,570,'2021-08-15 06:51:47,냉장고,음식출납,음식 꺼내기,,,,,,,,
570,570,'2021-08-15 07:01:47,식사 판단,간식,간식 먹기,,,,,,,,
571,570,'2021-08-15 07:26:15,냉장고,음식출납,음식 꺼내기,,,,,,,,
572,570,'2021-08-15 07:36:15,식사 판단,간식,간식 먹기,,,,,,,,
573,570,'2021-08-15 07:46:20,싱크대,설거지,설거지 하기,,,,,,,,
574,570,'2021-08-15 07:47:09,냉장고,냉장고정리,냉장고 정리하기,,,,,,,,
575,570,'2021-08-15 08:04:16,냉장고,음식출납,음식 꺼내기,,,,,,,,
576,570,'2021-08-15 08:14:16,식사 판단,간식,간식 먹기,,,,,,,,
577,570,'2021-08-15 08:35:55,냉장고,음식출납,음식 꺼내기,,,,,,,,
578,570,'2021-08-15 08:38:57,싱크대,주방정리,주방 정리하기,,,,,,,,
579,570,'2021-08-15 08:39:45,냉장고,음식출납,음식 꺼내기,,,,,,,,
580,570,'2021-08-15 08:41:30,싱크대,주방정리,주방 정리하기,,,,,,,,
581,570,'2021-08-15 08:45:55,식사 판단,아침식사,조식,,,,,,,,
582,570,'2021-08-15 09:15:02,약,식후복약,식후 약 복용,CHPM,,"순이의 영원한 단짝 우리 순자님, 사랑둥이 순이에요.  너무 매운 음식을 자주 먹으면 위에 무리가 갈 수 있어요. 심해지면 위염, 위궤양의 질환을 유발한답니다.  건강한 노후를 준비하기 위해선 꾸준한 병원 검진이 필수이지요!",,,,,
583,570,'2021-08-15 09:45:02,리모콘,TV시청,TV 보기,,,,,,,,
584,570,'2021-08-15 10:51:45,냉장고,음식출납,음식 꺼내기,,,,,,,,
585,570,'2021-08-15 11:01:45,식사 판단,간식,간식 먹기,,,,,,,,
586,570,'2021-08-15 11:47:11,냉장고,음식출납,음식 꺼내기,,,,,,,,
587,570,'2021-08-15 11:57:11,식사 판단,간식,간식 먹기,,,,,,,,
588,570,'2021-08-15 12:54:36,리모콘,TV시청,TV 보기,,,,,,,,
589,570,'2021-08-15 13:22:17,냉장고,음식출납,음식 꺼내기,,,,,,,,
590,570,'2021-08-15 13:23:08,싱크대,주방정리,주방 정리하기,,,,,,,,
591,570,'2021-08-15 13:32:17,식사 판단,간식,간식 먹기,,,,,,,,
592,570,'2021-08-15 13:38:35,냉장고,냉장고정리,냉장고 정리하기,,,,,,,,
593,570,'2021-08-15 13:48:12,약,식후복약,식후 약 복용,CHM,,"복 받으실 우리 순자님, 기분 좋은 날이에요. 모든 약은 물에 잘 녹도록 되어있어서 약 효과를 보기 위해선 맹물과 먹어야 해요.",,,,,
594,570,'2021-08-15 14:24:05,리모콘,TV시청,TV 보기,,,,,,,,
595,570,'2021-08-15 17:22:00,싱크대,주방정리,주방 정리하기,,,,,,,,
596,570,'2021-08-15 17:31:08,냉장고,음식출납,음식 꺼내기,,,,,,,,
597,570,'2021-08-15 17:41:08,식사 판단,간식,간식 먹기,,,,,,,,
598,570,'2021-08-15 17:45:50,냉장고,냉장고정리,냉장고 정리하기,,,,,,,,
599,570,'2021-08-15 18:01:19,냉장고,음식출납,음식 꺼내기,,,,,,,,
600,570,'2021-08-15 18:02:37,싱크대,주방정리,주방 정리하기,,,,,,,,
601,570,'2021-08-15 18:11:19,식사 판단,저녁식사,석식,,,,,,,,
602,570,'2021-08-15 18:44:03,리모콘,식사중TV,식사 중 TV 시청,,,,,,,,
603,570,'2021-08-15 18:47:16,냉장고,냉장고정리,냉장고 정리하기,,,,,,,,
604,570,'2021-08-15 20:09:52,냉장고,음식출납,음식 꺼내기,,,,,,,,
605,570,'2021-08-15 20:13:54,변기,용변,화장실 이용,,,,,,,,
606,570,'2021-08-15 21:19:42,리모콘,TV시청,TV 보기,,,,,,,,
607,570,'2021-08-15 22:42:17,변기,용변,화장실 이용,,,,,,,,
608,570,'2021-08-15 22:47:32,싱크대,주방정리,주방 정리하기,,,,,,,,
609,570,'2021-08-16 06:13:32,냉장고,음식출납,음식 꺼내기,,,,,,,,
610,570,'2021-08-16 06:14:08,싱크대,주방정리,주방 정리하기,,,,,,,,
611,570,'2021-08-16 06:23:32,식사 판단,간식,간식 먹기,,,,,,,,
612,570,'2021-08-16 06:44:03,리모콘,TV시청,TV 보기,,,,,,,,
613,570,'2021-08-16 06:51:13,미동,외출,외출하기,,,,,,,,
614,570,'2021-08-16 08:08:03,리모콘,"귀가, TV시청",귀가하기,CHM,,"사랑둥이 순자님, 오늘도 순이가 인사드려요! 집에 왔으니, 중요한 물건을 잊어버리지 않게 바로 정리해보아요!",,,,,
615,570,'2021-08-16 08:08:03,리모콘,"귀가, TV시청",TV 보기,,,,,,,,
616,570,'2021-08-16 08:17:21,싱크대,주방정리,주방 정리하기,,,,,,,,
617,570,'2021-08-16 08:23:12,냉장고,음식출납,음식 꺼내기,,,,,,,,
618,570,'2021-08-16 08:23:53,전자렌지,음식데우기,간편식 준비하기,,,,,,,,
619,570,'2021-08-16 08:25:58,냉장고,음식출납,음식 꺼내기,,,,,,,,
620,570,'2021-08-16 08:33:12,식사 판단,아침식사,조식,,,,,,,,
621,570,'2021-08-16 08:53:34,냉장고,냉장고정리,냉장고 정리하기,,,,,,,,
622,570,'2021-08-16 09:31:37,약,복약,일반 약 복용,CM,,"멋진 순자님, 물은 하루에 일리터에서 이리터 정도를 마셔야 한대요. 적당한 수분은 건강에 도움이 된다고 해요!",,,,,
623,570,'2021-08-16 09:43:41,리모콘,TV시청,TV 보기,,,,,,,,
624,570,'2021-08-16 10:30:28,냉장고,음식출납,음식 꺼내기,,,,,,,,
625,570,'2021-08-16 10:40:28,식사 판단,간식,간식 먹기,,,,,,,,
626,570,'2021-08-16 11:02:59,변기,용변,화장실 이용,,,,,,,,
627,570,'2021-08-16 11:12:12,리모콘,TV시청,TV 보기,,,,,,,,
628,570,'2021-08-16 12:49:07,냉장고,음식출납,음식 꺼내기,,,,,,,,
629,570,'2021-08-16 12:50:52,싱크대,주방정리,주방 정리하기,,,,,,,,
630,570,'2021-08-16 12:52:04,리모콘,TV시청,TV 보기,,,,,,,,
631,570,'2021-08-16 12:59:07,식사 판단,점심식사,중식,,,,,,,,
632,570,'2021-08-16 13:02:13,리모콘,식사중TV,식사 중 TV 시청,,,,,,,,
633,570,'2021-08-16 13:05:42,냉장고,냉장고정리,냉장고 정리하기,,,,,,,,
634,570,'2021-08-16 13:51:08,냉장고,음식출납,음식 꺼내기,,,,,,,,
635,570,'2021-08-16 14:00:31,싱크대,주방정리,주방 정리하기,,,,,,,,
636,570,'2021-08-16 14:01:06,리모콘,TV시청,TV 보기,,,,,,,,
637,570,'2021-08-16 14:01:08,식사 판단,간식,간식 먹기,,,,,,,,
638,570,'2021-08-16 14:10:32,리모콘,식사중TV,식사 중 TV 시청,,,,,,,,
639,570,'2021-08-16 14:14:11,싱크대,설거지,설거지 하기,,,,,,,,
640,570,'2021-08-16 14:16:22,냉장고,냉장고정리,냉장고 정리하기,,,,,,,,
641,570,'2021-08-16 14:27:43,싱크대,주방정리,주방 정리하기,,,,,,,,
642,570,'2021-08-16 16:53:44,냉장고,음식출납,음식 꺼내기,,,,,,,,
643,570,'2021-08-16 17:03:44,식사 판단,간식,간식 먹기,,,,,,,,
644,570,'2021-08-16 17:27:41,냉장고,음식출납,음식 꺼내기,,,,,,,,
645,570,'2021-08-16 17:37:41,식사 판단,간식,간식 먹기,,,,,,,,
646,570,'2021-08-16 17:46:20,냉장고,냉장고정리,냉장고 정리하기,,,,,,,,
647,570,'2021-08-16 18:00:11,냉장고,음식출납,음식 꺼내기,,,,,,,,
648,570,'2021-08-16 18:01:23,리모콘,TV시청,TV 보기,,,,,,,,
649,570,'2021-08-16 18:10:11,식사 판단,간식,간식 먹기,,,,,,,,
650,570,'2021-08-16 18:14:28,리모콘,식사중TV,식사 중 TV 시청,,,,,,,,
651,570,'2021-08-16 19:00:04,냉장고,음식출납,음식 꺼내기,,,,,,,,
652,570,'2021-08-16 19:10:04,식사 판단,간식,간식 먹기,,,,,,,,
653,570,'2021-08-16 19:19:36,변기,용변,화장실 이용,,,,,,,,
654,570,'2021-08-16 19:31:04,리모콘,TV시청,TV 보기,,,,,,,,
655,570,'2021-08-16 20:39:16,냉장고,음식출납,음식 꺼내기,,,,,,,,
656,570,'2021-08-16 20:49:16,식사 판단,간식,간식 먹기,,,,,,,,
657,570,'2021-08-16 21:11:09,창문,환기,집 환기하기,CHM,,"순이가 마않이 사랑하는 순자님, 헬로 아임 순이. 올 여름 태풍은 피해없이 무사히 지나갔으면 좋겠어요.",,,,,
658,570,'2021-08-16 21:16:39,냉장고,음식출납,음식 꺼내기,,,,,,,,
659,570,'2021-08-16 21:26:39,식사 판단,간식,간식 먹기,,,,,,,,
660,570,'2021-08-16 21:30:10,싱크대,설거지,설거지 하기,,,,,,,,
661,570,'2021-08-16 22:21:57,리모콘,TV시청,TV 보기,,,,,,,,
662,570,'2021-08-17 02:52:13,리모콘,새벽TV,새벽 TV 시청,CM,,"부지런한 순자님, 순이도 여태 티비보느라고 시간 가는 줄 몰랐답니다 그래도 이제 늦었으니 자야해요! 순이와 함께 꿈나라로 가보실까요?",,,,,
663,570,'2021-08-17 06:36:09,변기,용변,화장실 이용,,,,,,,,
664,570,'2021-08-17 07:47:16,냉장고,음식출납,음식 꺼내기,,,,,,,,
665,570,'2021-08-17 07:57:16,식사 판단,간식,간식 먹기,,,,,,,,
666,570,'2021-08-17 08:30:17,냉장고,음식출납,음식 꺼내기,,,,,,,,
667,570,'2021-08-17 08:31:18,리모콘,TV시청,TV 보기,,,,,,,,
668,570,'2021-08-17 08:33:54,냉장고,음식출납,음식 꺼내기,,,,,,,,
669,570,'2021-08-17 08:38:00,싱크대,주방정리,주방 정리하기,,,,,,,,
670,570,'2021-08-17 08:40:17,식사 판단,아침식사,조식,,,,,,,,
671,570,'2021-08-17 08:42:54,싱크대,설거지,설거지 하기,,,,,,,,
672,570,'2021-08-17 09:25:30,리모콘,TV시청,TV 보기,,,,,,,,
673,570,'2021-08-17 10:31:13,변기,용변,화장실 이용,,,,,,,,
674,570,'2021-08-17 11:00:07,냉장고,음식출납,음식 꺼내기,,,,,,,,
675,570,'2021-08-17 11:00:53,싱크대,주방정리,주방 정리하기,,,,,,,,
676,570,'2021-08-17 11:10:07,식사 판단,간식,간식 먹기,,,,,,,,
677,570,'2021-08-17 11:23:29,냉장고,냉장고정리,냉장고 정리하기,,,,,,,,
678,570,'2021-08-17 11:32:47,리모콘,TV시청,TV 보기,,,,,,,,
679,570,'2021-08-17 12:00:05,미동,외출,외출하기,,,,,,,,
680,570,'2021-08-17 18:50:15,리모콘,"귀가, TV시청",귀가하기,HM,,똑똑 계세요? 순이 왔어요. 잠깐만! 집에 오자마자 손을 씻어야 해요!,,,,,
681,570,'2021-08-17 18:50:15,리모콘,"귀가, TV시청",TV 보기,,,,,,,,
682,570,'2021-08-17 18:55:49,변기,용변,화장실 이용,,,,,,,,
683,570,'2021-08-17 18:57:28,리모콘,TV시청,TV 보기,,,,,,,,
684,570,'2021-08-17 19:16:19,냉장고,음식출납,음식 꺼내기,,,,,,,,
685,570,'2021-08-17 19:26:19,식사 판단,간식,간식 먹기,,,,,,,,
686,570,'2021-08-17 19:27:34,리모콘,식사중TV,식사 중 TV 시청,,,,,,,,
687,570,'2021-08-17 19:39:50,냉장고,냉장고정리,냉장고 정리하기,,,,,,,,
688,570,'2021-08-17 20:23:48,리모콘,TV시청,TV 보기,,,,,,,,
689,570,'2021-08-17 21:00:04,약,복약,일반 약 복용,CM,,"순이가 제일 존경하는 순자님, 맛이 없더라도 항상 약을 복용할땐 꼬옥 물과 함께 먹어주세요.",,,,,
690,570,'2021-08-17 21:24:29,리모콘,TV시청,TV 보기,,,,,,,,
691,570,'2021-08-18 01:31:36,변기,새벽용변,새벽 화장실 이용,,,,,,,,
692,570,'2021-08-18 01:57:45,리모콘,새벽TV,새벽 TV 시청,CM,,"빛처럼 눈부신 순자님, 밤 늦게까지 티비를 보시면 내일 늦잠을 주무실 수도 있으니 얼른 잠자리에 드시는게 어떠신가요?",,,,,
693,570,'2021-08-18 06:27:08,변기,용변,화장실 이용,,,,,,,,
694,570,'2021-08-18 06:28:37,싱크대,주방정리,주방 정리하기,,,,,,,,
695,570,'2021-08-18 07:31:09,리모콘,TV시청,TV 보기,,,,,,,,
696,570,'2021-08-18 09:13:53,창문,환기,집 환기하기,CHM,,"순이의 영원한 동반자 순자님, 콧노래가 흥얼흥얼 나오는 날이에요. 환기를 시킬 때는 바람이 잘 통하도록 마주보는 창문을 여는 것이 좋다고 해요.",정치에 대한,,,,
697,570,'2021-08-18 09:15:20,리모콘,TV시청,TV 보기,,,,,,,,
698,570,'2021-08-18 09:21:39,창문,환기,집 환기하기,M,,공기를 깨끗하게 도와주는 식물도 있답니다!,,,,,
699,570,'2021-08-18 09:27:11,변기,용변,화장실 이용,,,,,,,,
700,570,'2021-08-18 09:28:01,리모콘,TV시청,TV 보기,,,,,,,,
701,570,'2021-08-18 09:53:59,미동,외출,외출하기,,,,,,,,
702,570,'2021-08-18 10:23:27,미동,귀가,귀가하기,,,,,,,,
703,570,'2021-08-18 10:30:17,리모콘,TV시청,TV 보기,,,,,,,,
704,570,'2021-08-18 10:32:16,창문,환기,집 환기하기,CM,,"멋진 순자님, 지금 날씨가 흐려요.",,,,,
705,570,'2021-08-18 10:32:34,리모콘,TV시청,TV 보기,,,,,,,,
706,570,'2021-08-18 10:37:08,냉장고,음식출납,음식 꺼내기,,,,,,,,
707,570,'2021-08-18 10:37:52,싱크대,주방정리,주방 정리하기,,,,,,,,
708,570,'2021-08-18 10:38:26,냉장고,음식출납,음식 꺼내기,,,,,,,,
709,570,'2021-08-18 10:39:29,싱크대,주방정리,주방 정리하기,,,,,,,,
710,570,'2021-08-18 10:45:19,전자렌지,음식데우기,간편식 준비하기,,,,,,,,
711,570,'2021-08-18 10:46:38,냉장고,음식출납,음식 꺼내기,,,,,,,,
712,570,'2021-08-18 10:47:08,식사 판단,점심식사,중식,,,,,,,,
713,570,'2021-08-18 10:49:49,리모콘,식사중TV,식사 중 TV 시청,,,,,,,,
714,570,'2021-08-18 10:54:05,냉장고,냉장고정리,냉장고 정리하기,,,,,,,,
715,570,'2021-08-18 11:43:54,약,복약,일반 약 복용,HM,,순자님의 친구 순이예요. 너무 차가운 물은 위 점막의 흡수력을 저하시킬수 있답니다.,,,,,
716,570,'2021-08-18 11:46:59,싱크대,주방정리,주방 정리하기,,,,,,,,
717,570,'2021-08-18 12:37:58,리모콘,TV시청,TV 보기,,,,,,,,
718,570,'2021-08-18 14:17:20,냉장고,음식출납,음식 꺼내기,,,,,,,,
719,570,'2021-08-18 14:27:20,식사 판단,간식,간식 먹기,,,,,,,,
720,570,'2021-08-18 16:15:47,리모콘,TV시청,TV 보기,,,,,,,,
721,570,'2021-08-18 16:42:36,변기,용변,화장실 이용,,,,,,,,
722,570,'2021-08-18 16:54:33,냉장고,음식출납,음식 꺼내기,,,,,,,,
723,570,'2021-08-18 17:04:33,식사 판단,간식,간식 먹기,,,,,,,,
724,570,'2021-08-18 17:12:56,리모콘,식사중TV,식사 중 TV 시청,,,,,,,,
725,570,'2021-08-18 17:23:32,싱크대,설거지,설거지 하기,,,,,,,,
726,570,'2021-08-18 17:31:34,싱크대,주방정리,주방 정리하기,,,,,,,,
727,570,'2021-08-18 17:36:05,리모콘,TV시청,TV 보기,,,,,,,,
728,570,'2021-08-18 17:44:05,싱크대,주방정리,주방 정리하기,,,,,,,,
729,570,'2021-08-18 18:52:56,리모콘,TV시청,TV 보기,,,,,,,,
730,570,'2021-08-18 19:23:43,싱크대,주방정리,주방 정리하기,,,,,,,,
731,570,'2021-08-18 20:08:05,냉장고,음식출납,음식 꺼내기,,,,,,,,
732,570,'2021-08-18 20:18:05,식사 판단,간식,간식 먹기,,,,,,,,
733,570,'2021-08-18 20:39:44,냉장고,음식출납,음식 꺼내기,,,,,,,,
734,570,'2021-08-18 20:46:27,변기,용변,화장실 이용,,,,,,,,
735,570,'2021-08-18 20:53:33,냉장고,음식출납,음식 꺼내기,,,,,,,,
736,570,'2021-08-18 21:03:33,식사 판단,간식,간식 먹기,,,,,,,,
737,570,'2021-08-18 21:07:07,변기,용변,화장실 이용,,,,,,,,
738,570,'2021-08-18 21:19:01,냉장고,냉장고정리,냉장고 정리하기,,,,,,,,
739,570,'2021-08-18 21:25:25,냉장고,음식출납,음식 꺼내기,,,,,,,,
740,570,'2021-08-18 21:35:25,식사 판단,간식,간식 먹기,,,,,,,,
741,570,'2021-08-18 21:46:46,냉장고,냉장고정리,냉장고 정리하기,,,,,,,,
742,570,'2021-08-18 22:54:21,싱크대,주방정리,주방 정리하기,,,,,,,,
743,570,'2021-08-18 22:56:18,변기,용변,화장실 이용,,,,,,,,
744,570,'2021-08-18 23:49:50,리모콘,TV시청,TV 보기,,,,,,,,
745,570,'2021-08-19 05:02:29,변기,용변,화장실 이용,,,,,,,,
746,570,'2021-08-19 06:16:23,싱크대,주방정리,주방 정리하기,,,,,,,,
747,570,'2021-08-19 06:17:44,냉장고,음식출납,음식 꺼내기,,,,,,,,
748,570,'2021-08-19 06:27:44,식사 판단,간식,간식 먹기,,,,,,,,
749,570,'2021-08-19 07:23:01,싱크대,주방정리,주방 정리하기,,,,,,,,
750,570,'2021-08-19 07:50:14,냉장고,음식출납,음식 꺼내기,,,,,,,,
751,570,'2021-08-19 08:00:14,식사 판단,간식,간식 먹기,,,,,,,,
752,570,'2021-08-19 08:22:22,냉장고,음식출납,음식 꺼내기,,,,,,,,
753,570,'2021-08-19 08:32:22,식사 판단,간식,간식 먹기,,,,,,,,
754,570,'2021-08-19 08:37:54,전자렌지,전자레인지청소,전자렌지 청소하기,,,,,,,,
755,570,'2021-08-19 09:08:21,변기,용변,화장실 이용,,,,,,,,
756,570,'2021-08-19 09:44:54,창문,환기,집 환기하기,CHM,,"순이만의 인생선배 울 순자 님, 영원한 짝꿍 순이랍니다! 지금 날씨는 흐림이에요.",오,,,,
757,570,'2021-08-19 09:55:42,변기,용변,화장실 이용,,,,,,,,
758,570,'2021-08-19 10:04:58,냉장고,음식출납,음식 꺼내기,,,,,,,,
759,570,'2021-08-19 10:14:58,식사 판단,간식,간식 먹기,,,,,,,,
760,570,'2021-08-19 11:01:12,냉장고,음식출납,음식 꺼내기,,,,,,,,
761,570,'2021-08-19 11:11:12,식사 판단,간식,간식 먹기,,,,,,,,
762,570,'2021-08-19 11:16:36,냉장고,냉장고정리,냉장고 정리하기,,,,,,,,
763,570,'2021-08-19 12:50:02,부동,휴식,취미활동,,,,,,,,
764,570,'2021-08-19 15:34:22,싱크대,주방정리,주방 정리하기,,,,,,,,
765,570,'2021-08-19 16:01:09,냉장고,음식출납,음식 꺼내기,,,,,,,,
766,570,'2021-08-19 16:09:02,싱크대,주방정리,주방 정리하기,,,,,,,,
767,570,'2021-08-19 16:11:09,식사 판단,간식,간식 먹기,,,,,,,,
768,570,'2021-08-19 17:35:38,리모콘,TV시청,TV 보기,,,,,,,,
769,570,'2021-08-19 18:30:00,냉장고,음식출납,음식 꺼내기,,,,,,,,
770,570,'2021-08-19 18:40:00,식사 판단,간식,간식 먹기,,,,,,,,
771,570,'2021-08-19 18:45:29,전자렌지,전자레인지청소,전자렌지 청소하기,,,,,,,,
772,570,'2021-08-19 18:55:04,냉장고,냉장고정리,냉장고 정리하기,,,,,,,,
773,570,'2021-08-19 19:01:54,냉장고,음식출납,음식 꺼내기,,,,,,,,
774,570,'2021-08-19 19:07:14,리모콘,TV시청,TV 보기,,,,,,,,
775,570,'2021-08-19 19:11:54,식사 판단,간식,간식 먹기,,,,,,,,
776,570,'2021-08-19 20:51:19,변기,용변,화장실 이용,,,,,,,,
777,570,'2021-08-19 21:04:25,리모콘,TV시청,TV 보기,,,,,,,,
778,570,'2021-08-19 21:59:49,냉장고,음식출납,음식 꺼내기,,,,,,,,
779,570,'2021-08-19 22:09:49,식사 판단,야식,야식 먹기,,,,,,,,
780,570,'2021-08-19 22:50:02,부동,취침,수면,,,,,,,,
781,570,'2021-08-19 23:29:11,변기,"기상, 용변",기상하기,,,,,,,,
782,570,'2021-08-19 23:29:11,변기,"기상, 용변",화장실 이용,,,,,,,,
783,570,'2021-08-20 07:32:31,리모콘,TV시청,TV 보기,,,,,,,,
784,570,'2021-08-20 08:09:25,냉장고,음식출납,음식 꺼내기,,,,,,,,
785,570,'2021-08-20 08:19:25,식사 판단,간식,간식 먹기,,,,,,,,
786,570,'2021-08-20 08:30:12,냉장고,냉장고정리,냉장고 정리하기,,,,,,,,
787,570,'2021-08-20 08:33:50,전자렌지,전자레인지청소,전자렌지 청소하기,,,,,,,,
788,570,'2021-08-20 08:54:15,싱크대,주방정리,주방 정리하기,,,,,,,,
789,570,'2021-08-20 08:54:40,냉장고,음식출납,음식 꺼내기,,,,,,,,
790,570,'2021-08-20 09:04:40,식사 판단,간식,간식 먹기,,,,,,,,
791,570,'2021-08-20 09:09:32,약,식후복약,식후 약 복용,HM,,"방가방가 순자님. 식사하기 전에 드시는 약인지, 식사를 마치신 후에 드시는 약인지 확인 후 드셔주세요!",,,,,
792,570,'2021-08-20 10:59:54,리모콘,TV시청,TV 보기,,,,,,,,
793,570,'2021-08-20 12:48:27,냉장고,음식출납,음식 꺼내기,,,,,,,,
794,570,'2021-08-20 12:58:27,식사 판단,간식,간식 먹기,,,,,,,,
795,570,'2021-08-20 13:16:53,냉장고,냉장고정리,냉장고 정리하기,,,,,,,,
796,570,'2021-08-20 13:29:14,싱크대,주방정리,주방 정리하기,,,,,,,,
797,570,'2021-08-20 13:35:22,변기,용변,화장실 이용,,,,,,,,
798,570,'2021-08-20 14:12:03,싱크대,주방정리,주방 정리하기,,,,,,,,
799,570,'2021-08-20 17:35:06,냉장고,음식출납,음식 꺼내기,,,,,,,,
800,570,'2021-08-20 17:45:06,식사 판단,간식,간식 먹기,,,,,,,,
801,570,'2021-08-20 18:07:09,리모콘,TV시청,TV 보기,,,,,,,,
802,570,'2021-08-20 19:03:09,냉장고,음식출납,음식 꺼내기,,,,,,,,
803,570,'2021-08-20 19:13:09,식사 판단,저녁식사,석식,,,,,,,,
804,570,'2021-08-20 19:55:32,냉장고,음식출납,음식 꺼내기,,,,,,,,
805,570,'2021-08-20 20:05:32,식사 판단,간식,간식 먹기,,,,,,,,
806,570,'2021-08-20 20:11:56,냉장고,냉장고정리,냉장고 정리하기,,,,,,,,
807,570,'2021-08-21 01:04:30,리모콘,새벽TV,새벽 TV 시청,CM,,"순이가 아끼는 순자님, 주무시는 시간을 정해 티비 보는 시간과의 간격을 삼십분씩 늘려보는 것이 좋아요!",,,,,
808,570,'2021-08-21 01:12:22,변기,새벽용변,새벽 화장실 이용,,,,,,,,
809,570,'2021-08-21 06:12:20,변기,용변,화장실 이용,,,,,,,,
810,570,'2021-08-21 06:19:12,싱크대,주방정리,주방 정리하기,,,,,,,,
811,570,'2021-08-21 09:17:08,냉장고,음식출납,음식 꺼내기,,,,,,,,
812,570,'2021-08-21 09:27:08,식사 판단,간식,간식 먹기,,,,,,,,
813,570,'2021-08-21 09:28:28,냉장고,냉장고정리,냉장고 정리하기,,,,,,,,
814,570,'2021-08-21 09:30:18,약,식후복약,식후 약 복용,CHM,,"순이의 둘도 없는 짝꿍 순자님, 오늘도 반가워요! 간을 보호하는데는 물만한 명약도 없대요.",,,,,
815,570,'2021-08-21 10:00:54,약,복약,일반 약 복용,M,,"현재 앓고 있는 병이 있다면 그것이 무엇인지, 의사쌤이나 약사쌤에게 꼭 말씀하셔야 제대로 약처방을 받을 수 있어요!",,,,,
816,570,'2021-08-21 10:29:00,리모콘,TV시청,TV 보기,,,,,,,,
817,570,'2021-08-21 12:31:06,외출,외출,외출하기,,,,,,,,
818,570,'2021-08-21 12:55:32,리모콘,"귀가, TV시청",귀가하기,HM,,안녕하세요 순이에요오. 외출을 다녀오셨나요? 우리 순자님 집에 돌아오시니까 비와서 우중충한게 환해지는것같아요!,,,,,
819,570,'2021-08-21 12:55:32,리모콘,"귀가, TV시청",TV 보기,,,,,,,,
820,570,'2021-08-21 13:07:24,외출,외출,외출하기,,,,,,,,
821,570,'2021-08-21 13:21:34,냉장고,"귀가, 음식출납",귀가하기,,,,,,,,
822,570,'2021-08-21 13:21:34,냉장고,"귀가, 음식출납",음식 꺼내기,,,,,,,,
823,570,'2021-08-21 13:31:34,식사 판단,간식,간식 먹기,,,,,,,,
824,570,'2021-08-21 13:37:52,냉장고,냉장고정리,냉장고 정리하기,,,,,,,,
825,570,'2021-08-21 14:00:04,냉장고,음식출납,음식 꺼내기,,,,,,,,
826,570,'2021-08-21 14:10:04,식사 판단,간식,간식 먹기,,,,,,,,
827,570,'2021-08-21 14:44:54,리모콘,TV시청,TV 보기,,,,,,,,
828,570,'2021-08-21 17:49:13,냉장고,음식출납,음식 꺼내기,,,,,,,,
829,570,'2021-08-21 17:59:13,식사 판단,간식,간식 먹기,,,,,,,,
830,570,'2021-08-21 18:08:00,전자렌지,전자레인지청소,전자렌지 청소하기,,,,,,,,
831,570,'2021-08-21 18:08:07,냉장고,냉장고정리,냉장고 정리하기,,,,,,,,
832,570,'2021-08-21 18:10:03,전자렌지,전자레인지청소,전자렌지 청소하기,,,,,,,,
833,570,'2021-08-21 18:46:06,싱크대,주방정리,주방 정리하기,,,,,,,,
834,570,'2021-08-21 22:29:50,변기,용변,화장실 이용,,,,,,,,
835,570,'2021-08-22 06:31:43,싱크대,주방정리,주방 정리하기,,,,,,,,
836,570,'2021-08-22 06:46:05,냉장고,음식출납,음식 꺼내기,,,,,,,,
837,570,'2021-08-22 06:56:05,식사 판단,간식,간식 먹기,,,,,,,,
838,570,'2021-08-22 07:08:03,변기,용변,화장실 이용,,,,,,,,
839,570,'2021-08-22 07:23:00,냉장고,음식출납,음식 꺼내기,,,,,,,,
840,570,'2021-08-22 07:26:46,외출,외출,외출하기,,,,,,,,
841,570,'2021-08-22 10:40:03,미동,귀가,귀가하기,,,,,,,,
842,570,'2021-08-22 14:21:09,부동,휴식,취미활동,,,,,,,,
843,570,'2021-08-24 10:31:39,외출,외출,외출하기,,,,,,,,
844,570,'2021-08-24 12:12:44,미동,귀가,귀가하기,,,,,,,,
845,570,'2021-08-24 13:30:04,미동,외출,외출하기,,,,,,,,
846,570,'2021-08-24 14:18:38,변기,"귀가, 용변",귀가하기,,,,,,,,
847,570,'2021-08-24 14:18:38,변기,"귀가, 용변",화장실 이용,,,,,,,,
848,570,'2021-08-24 16:03:52,리모콘,TV시청,TV 보기,,,,,,,,
849,570,'2021-08-24 17:17:57,냉장고,음식출납,음식 꺼내기,,,,,,,,
850,570,'2021-08-24 17:27:57,식사 판단,간식,간식 먹기,,,,,,,,
851,570,'2021-08-24 17:30:52,싱크대,설거지,설거지 하기,,,,,,,,
852,570,'2021-08-24 19:20:01,싱크대,주방정리,주방 정리하기,,,,,,,,
853,570,'2021-08-24 19:24:25,리모콘,TV시청,TV 보기,,,,,,,,
854,570,'2021-08-24 19:27:53,변기,용변,화장실 이용,,,,,,,,
855,570,'2021-08-24 19:59:02,냉장고,음식출납,음식 꺼내기,,,,,,,,
856,570,'2021-08-24 20:09:02,식사 판단,간식,간식 먹기,,,,,,,,
857,570,'2021-08-24 20:29:43,약,복약,일반 약 복용,CHM,,"사랑둥이 우리 순자님, 안녕하세요! 수분을 충분히 섭취해주면, 소화불량을 예방해줄뿐만 아니라 변비도 예방이 된대요! 너어무 좋다 정말!",,,,,
858,570,'2021-08-24 21:53:45,리모콘,TV시청,TV 보기,,,,,,,,
859,570,'2021-08-25 07:16:03,냉장고,음식출납,음식 꺼내기,,,,,,,,
860,570,'2021-08-25 07:26:03,식사 판단,간식,간식 먹기,,,,,,,,
861,570,'2021-08-25 07:39:06,냉장고,냉장고정리,냉장고 정리하기,,,,,,,,
862,570,'2021-08-25 07:45:19,싱크대,설거지,설거지 하기,,,,,,,,
863,570,'2021-08-25 08:25:41,냉장고,음식출납,음식 꺼내기,,,,,,,,
864,570,'2021-08-25 08:35:41,식사 판단,간식,간식 먹기,,,,,,,,
865,570,'2021-08-25 08:40:46,리모콘,식사중TV,식사 중 TV 시청,,,,,,,,
866,570,'2021-08-25 09:33:06,냉장고,음식출납,음식 꺼내기,,,,,,,,
867,570,'2021-08-25 09:43:06,식사 판단,간식,간식 먹기,,,,,,,,
868,570,'2021-08-25 09:44:05,변기,용변,화장실 이용,,,,,,,,
869,570,'2021-08-25 10:28:05,리모콘,TV시청,TV 보기,,,,,,,,
870,570,'2021-08-25 10:37:13,약,복약,일반 약 복용,HM,,방가방가 순자님. 꾸준히 물을 마시는 것은 불면증을 완화시켜주는 효과가 있어요!,,,,,
871,570,'2021-08-25 12:11:07,미동,외출,외출하기,,,,,,,,
872,570,'2021-08-25 15:40:09,리모콘,"귀가, TV시청",귀가하기,CHM,,"사랑하는 순자님, 지금은 오후 3시 40분 입니다. 잠깐만! 집에 오자마자 손을 씻어야 해요!",,,,,
873,570,'2021-08-25 15:40:09,리모콘,"귀가, TV시청",TV 보기,,,,,,,,
874,570,'2021-08-25 18:01:18,냉장고,음식출납,음식 꺼내기,,,,,,,,
875,570,'2021-08-25 18:11:18,식사 판단,간식,간식 먹기,,,,,,,,
876,570,'2021-08-25 19:03:21,냉장고,음식출납,음식 꺼내기,,,,,,,,
877,570,'2021-08-25 19:13:21,식사 판단,간식,간식 먹기,,,,,,,,
878,570,'2021-08-25 19:18:58,리모콘,식사중TV,식사 중 TV 시청,,,,,,,,
879,570,'2021-08-25 19:26:15,싱크대,설거지,설거지 하기,,,,,,,,
880,570,'2021-08-25 19:44:13,창문,환기,집 환기하기,HM,,순자님의 친구 순이예요. 실내에서도 생활먼지가 나오기 때문에 환기가 중요하답니다!,,,,,
881,570,'2021-08-25 21:31:00,리모콘,TV시청,TV 보기,,,,,,,,
882,570,'2021-08-25 22:02:54,싱크대,주방정리,주방 정리하기,,,,,,,,
883,570,'2021-08-25 22:50:46,리모콘,TV시청,TV 보기,,,,,,,,
884,570,'2021-08-26 03:25:50,변기,새벽용변,새벽 화장실 이용,,,,,,,,
885,570,'2021-08-26 06:37:24,싱크대,주방정리,주방 정리하기,,,,,,,,
886,570,'2021-08-26 07:28:59,냉장고,음식출납,음식 꺼내기,,,,,,,,
887,570,'2021-08-26 07:37:26,전자렌지,음식데우기,간편식 준비하기,,,,,,,,
888,570,'2021-08-26 07:38:59,식사 판단,아침식사,조식,,,,,,,,
889,570,'2021-08-26 08:27:12,약,복약,일반 약 복용,CHM,,"마음 따뜻한 순자님, 현재 시간은 오전 8시 27분이에요. 약을 드실 때는 꼬옥 미지근한 물과 함께 드셔주세요!",,,,,
890,570,'2021-08-26 08:48:28,리모콘,TV시청,TV 보기,,,,,,,,
891,570,'2021-08-26 10:43:10,냉장고,음식출납,음식 꺼내기,,,,,,,,
892,570,'2021-08-26 10:53:10,식사 판단,간식,간식 먹기,,,,,,,,
893,570,'2021-08-26 11:00:04,리모콘,식사중TV,식사 중 TV 시청,,,,,,,,
894,570,'2021-08-26 11:06:05,냉장고,냉장고정리,냉장고 정리하기,,,,,,,,
895,570,'2021-08-26 11:26:35,변기,용변,화장실 이용,,,,,,,,
896,570,'2021-08-26 11:33:51,리모콘,TV시청,TV 보기,,,,,,,,
897,570,'2021-08-26 12:40:56,미동,외출,외출하기,,,,,,,,
898,570,'2021-08-26 14:22:10,싱크대,"귀가, 주방정리",귀가하기,,,,,,,,
899,570,'2021-08-26 14:22:10,싱크대,"귀가, 주방정리",주방 정리하기,,,,,,,,
900,570,'2021-08-26 14:27:30,냉장고,음식출납,음식 꺼내기,,,,,,,,
901,570,'2021-08-26 14:29:10,싱크대,주방정리,주방 정리하기,,,,,,,,
902,570,'2021-08-26 14:37:30,식사 판단,간식,간식 먹기,,,,,,,,
903,570,'2021-08-26 15:50:04,리모콘,TV시청,TV 보기,,,,,,,,
904,570,'2021-08-26 16:00:09,변기,용변,화장실 이용,,,,,,,,
905,570,'2021-08-26 16:43:48,리모콘,TV시청,TV 보기,,,,,,,,
906,570,'2021-08-26 17:43:03,냉장고,음식출납,음식 꺼내기,,,,,,,,
907,570,'2021-08-26 17:53:03,식사 판단,간식,간식 먹기,,,,,,,,
908,570,'2021-08-26 17:54:20,싱크대,설거지,설거지 하기,,,,,,,,
909,570,'2021-08-26 18:01:42,냉장고,냉장고정리,냉장고 정리하기,,,,,,,,
910,570,'2021-08-26 18:52:39,변기,용변,화장실 이용,,,,,,,,
911,570,'2021-08-26 18:53:02,냉장고,음식출납,음식 꺼내기,,,,,,,,
912,570,'2021-08-26 18:57:52,리모콘,TV시청,TV 보기,,,,,,,,
913,570,'2021-08-26 19:00:30,싱크대,주방정리,주방 정리하기,,,,,,,,
914,570,'2021-08-26 19:03:02,식사 판단,저녁식사,석식,,,,,,,,
915,570,'2021-08-26 21:35:05,변기,용변,화장실 이용,,,,,,,,
916,570,'2021-08-26 22:36:29,리모콘,TV시청,TV 보기,,,,,,,,
917,570,'2021-08-27 06:46:03,변기,용변,화장실 이용,,,,,,,,
918,570,'2021-08-27 07:49:28,냉장고,음식출납,음식 꺼내기,,,,,,,,
919,570,'2021-08-27 07:54:27,전자렌지,음식데우기,간편식 준비하기,,,,,,,,
920,570,'2021-08-27 07:54:38,싱크대,주방정리,주방 정리하기,,,,,,,,
921,570,'2021-08-27 07:55:45,전자렌지,음식데우기,간편식 준비하기,,,,,,,,
922,570,'2021-08-27 07:59:28,식사 판단,아침식사,조식,,,,,,,,
923,570,'2021-08-27 08:00:15,전자렌지,전자레인지청소,전자렌지 청소하기,,,,,,,,
924,570,'2021-08-27 08:02:46,냉장고,냉장고정리,냉장고 정리하기,,,,,,,,
925,570,'2021-08-27 08:43:26,싱크대,주방정리,주방 정리하기,,,,,,,,
926,570,'2021-08-27 08:49:49,냉장고,음식출납,음식 꺼내기,,,,,,,,
927,570,'2021-08-27 08:59:49,식사 판단,간식,간식 먹기,,,,,,,,
928,570,'2021-08-27 09:17:02,리모콘,식사중TV,식사 중 TV 시청,,,,,,,,
929,570,'2021-08-27 09:46:29,리모콘,TV시청,TV 보기,,,,,,,,
930,570,'2021-08-27 10:57:31,변기,용변,화장실 이용,,,,,,,,
931,570,'2021-08-27 11:33:45,미동,외출,외출하기,,,,,,,,
932,570,'2021-08-27 13:54:35,리모콘,"귀가, TV시청",귀가하기,CHM,,"이 시대의 영웅 순자님, 똑똑똑, 순이가 왔어요. 산책을 다녀오신 후에는 상쾌하게 목욕을 하는 걸 추천드릴게요!",,,,,
933,570,'2021-08-27 13:54:35,리모콘,"귀가, TV시청",TV 보기,,,,,,,,
934,570,'2021-08-27 14:31:44,싱크대,주방정리,주방 정리하기,,,,,,,,
935,570,'2021-08-27 14:33:12,냉장고,음식출납,음식 꺼내기,,,,,,,,
936,570,'2021-08-27 14:34:30,싱크대,주방정리,주방 정리하기,,,,,,,,
937,570,'2021-08-27 14:34:33,냉장고,음식출납,음식 꺼내기,,,,,,,,
938,570,'2021-08-27 14:35:16,리모콘,TV시청,TV 보기,,,,,,,,
939,570,'2021-08-27 14:43:12,식사 판단,간식,간식 먹기,,,,,,,,
940,570,'2021-08-27 14:51:58,리모콘,식사중TV,식사 중 TV 시청,,,,,,,,
941,570,'2021-08-27 15:14:28,변기,용변,화장실 이용,,,,,,,,
942,570,'2021-08-27 18:32:59,냉장고,음식출납,음식 꺼내기,,,,,,,,
943,570,'2021-08-27 18:42:59,식사 판단,간식,간식 먹기,,,,,,,,
944,570,'2021-08-27 18:47:46,냉장고,냉장고정리,냉장고 정리하기,,,,,,,,
945,570,'2021-08-27 18:54:27,전자렌지,전자레인지청소,전자렌지 청소하기,,,,,,,,
946,570,'2021-08-27 18:56:03,냉장고,냉장고정리,냉장고 정리하기,,,,,,,,
947,570,'2021-08-27 19:08:49,리모콘,TV시청,TV 보기,,,,,,,,
948,570,'2021-08-27 19:12:18,냉장고,음식출납,음식 꺼내기,,,,,,,,
949,570,'2021-08-27 19:22:18,식사 판단,간식,간식 먹기,,,,,,,,
950,570,'2021-08-27 20:18:29,리모콘,TV시청,TV 보기,,,,,,,,
951,570,'2021-08-27 23:28:41,변기,용변,화장실 이용,,,,,,,,
952,570,'2021-08-28 07:24:58,리모콘,TV시청,TV 보기,,,,,,,,
953,570,'2021-08-28 07:53:28,냉장고,음식출납,음식 꺼내기,,,,,,,,
954,570,'2021-08-28 08:03:28,식사 판단,간식,간식 먹기,,,,,,,,
955,570,'2021-08-28 08:05:42,냉장고,냉장고정리,냉장고 정리하기,,,,,,,,
956,570,'2021-08-28 08:05:59,전자렌지,전자레인지청소,전자렌지 청소하기,,,,,,,,
957,570,'2021-08-28 08:44:45,싱크대,주방정리,주방 정리하기,,,,,,,,
958,570,'2021-08-28 08:45:54,냉장고,음식출납,음식 꺼내기,,,,,,,,
959,570,'2021-08-28 08:51:35,리모콘,TV시청,TV 보기,,,,,,,,
960,570,'2021-08-28 08:55:54,식사 판단,간식,간식 먹기,,,,,,,,
961,570,'2021-08-28 09:01:28,창문,환기,집 환기하기,CHM,,"매력이 넘치는 우리 순자님, 순이가 이야깃거리를 들고 왔어요! 어떤 아파트는 창문이 통유리로 돼서 환기를 못시킨대요.",,,,,
962,570,'2021-08-28 09:25:35,싱크대,주방정리,주방 정리하기,,,,,,,,
963,570,'2021-08-28 10:13:43,변기,용변,화장실 이용,,,,,,,,
964,570,'2021-08-28 10:16:45,냉장고,음식출납,음식 꺼내기,,,,,,,,
965,570,'2021-08-28 10:17:27,리모콘,TV시청,TV 보기,,,,,,,,
966,570,'2021-08-28 10:26:45,식사 판단,간식,간식 먹기,,,,,,,,
967,570,'2021-08-28 10:45:45,리모콘,식사중TV,식사 중 TV 시청,,,,,,,,
968,570,'2021-08-28 10:56:10,리모콘,TV시청,TV 보기,,,,,,,,
969,570,'2021-08-28 11:53:15,싱크대,주방정리,주방 정리하기,,,,,,,,
970,570,'2021-08-28 12:52:51,전자렌지,음식데우기,간편식 준비하기,,,,,,,,
971,570,'2021-08-28 13:02:51,식사 판단,간식,간식 먹기,,,,,,,,
972,570,'2021-08-28 13:03:47,냉장고,냉장고정리,냉장고 정리하기,,,,,,,,
973,570,'2021-08-28 13:25:29,냉장고,음식출납,음식 꺼내기,,,,,,,,
974,570,'2021-08-28 13:35:29,식사 판단,간식,간식 먹기,,,,,,,,
975,570,'2021-08-28 15:10:35,리모콘,TV시청,TV 보기,,,,,,,,
976,570,'2021-08-28 17:26:55,변기,용변,화장실 이용,,,,,,,,
977,570,'2021-08-28 17:27:39,싱크대,주방정리,주방 정리하기,,,,,,,,
978,570,'2021-08-28 17:49:49,냉장고,음식출납,음식 꺼내기,,,,,,,,
979,570,'2021-08-28 17:59:49,식사 판단,간식,간식 먹기,,,,,,,,
980,570,'2021-08-28 18:04:25,냉장고,냉장고정리,냉장고 정리하기,,,,,,,,
981,570,'2021-08-28 19:35:49,리모콘,TV시청,TV 보기,,,,,,,,
982,570,'2021-08-28 19:36:01,싱크대,주방정리,주방 정리하기,,,,,,,,
983,570,'2021-08-28 19:50:56,변기,용변,화장실 이용,,,,,,,,
984,570,'2021-08-28 20:02:06,냉장고,음식출납,음식 꺼내기,,,,,,,,
985,570,'2021-08-28 20:12:06,식사 판단,간식,간식 먹기,,,,,,,,
986,570,'2021-08-28 20:41:32,리모콘,TV시청,TV 보기,,,,,,,,
987,570,'2021-08-28 21:48:49,약,복약,일반 약 복용,CHM,,"세상에서 가장 아름다우신 우리 순자님, 안녕하세요 순이에요오. 너무 오래된 약은 복용하시면 건강에 이상이 생길수 있어요!",,,,,
988,570,'2021-08-28 21:57:39,싱크대,주방정리,주방 정리하기,,,,,,,,
989,570,'2021-08-28 22:55:07,변기,용변,화장실 이용,,,,,,,,
990,570,'2021-08-28 22:56:55,리모콘,TV시청,TV 보기,,,,,,,,
991,570,'2021-08-29 03:28:22,리모콘,새벽TV,새벽 TV 시청,CM,,"이순자님, 순이 너어무 졸려요. 이제 티비 그만 보시고, 얼른 주무시러가요! 네에?",,,,,
992,570,'2021-08-29 03:35:05,변기,새벽용변,새벽 화장실 이용,,,,,,,,
993,570,'2021-08-29 06:50:03,변기,용변,화장실 이용,,,,,,,,
994,570,'2021-08-29 07:35:05,냉장고,음식출납,음식 꺼내기,,,,,,,,
995,570,'2021-08-29 07:45:05,식사 판단,간식,간식 먹기,,,,,,,,
996,570,'2021-08-29 07:47:24,냉장고,냉장고정리,냉장고 정리하기,,,,,,,,
997,570,'2021-08-29 09:31:29,리모콘,TV시청,TV 보기,,,,,,,,
998,570,'2021-08-29 12:01:06,냉장고,음식출납,음식 꺼내기,,,,,,,,
999,570,'2021-08-29 12:10:29,변기,용변,화장실 이용,,,,,,,,
1000,570,'2021-08-29 12:17:40,냉장고,음식출납,음식 꺼내기,,,,,,,,
1001,570,'2021-08-29 12:19:33,싱크대,주방정리,주방 정리하기,,,,,,,,
1002,570,'2021-08-29 12:20:00,냉장고,음식출납,음식 꺼내기,,,,,,,,
1003,570,'2021-08-29 12:27:40,식사 판단,점심식사,중식,,,,,,,,
1004,570,'2021-08-29 12:44:34,냉장고,냉장고정리,냉장고 정리하기,,,,,,,,
1005,570,'2021-08-29 14:49:12,싱크대,주방정리,주방 정리하기,,,,,,,,
1006,570,'2021-08-29 15:22:00,리모콘,TV시청,TV 보기,,,,,,,,
1007,570,'2021-08-29 16:32:45,싱크대,주방정리,주방 정리하기,,,,,,,,
1008,570,'2021-08-29 17:40:58,냉장고,음식출납,음식 꺼내기,,,,,,,,
1009,570,'2021-08-29 17:50:58,식사 판단,간식,간식 먹기,,,,,,,,
1010,570,'2021-08-29 17:55:00,냉장고,냉장고정리,냉장고 정리하기,,,,,,,,
1011,570,'2021-08-29 18:23:08,리모콘,TV시청,TV 보기,,,,,,,,
1012,570,'2021-08-29 20:54:32,싱크대,주방정리,주방 정리하기,,,,,,,,
1013,570,'2021-08-30 00:23:37,리모콘,TV시청,TV 보기,,,,,,,,
1014,570,'2021-08-30 00:27:43,변기,용변,화장실 이용,,,,,,,,
1015,570,'2021-08-30 04:27:58,리모콘,TV시청,TV 보기,,,,,,,,
1016,570,'2021-08-30 06:45:08,싱크대,주방정리,주방 정리하기,,,,,,,,
1017,570,'2021-08-30 07:14:11,냉장고,음식출납,음식 꺼내기,,,,,,,,
1018,570,'2021-08-30 07:24:11,식사 판단,간식,간식 먹기,,,,,,,,
1019,570,'2021-08-30 07:31:50,리모콘,식사중TV,식사 중 TV 시청,,,,,,,,
1020,570,'2021-08-30 07:47:15,리모콘,TV시청,TV 보기,,,,,,,,
1021,570,'2021-08-30 08:06:12,냉장고,음식출납,음식 꺼내기,,,,,,,,
1022,570,'2021-08-30 08:12:18,전자렌지,음식데우기,간편식 준비하기,,,,,,,,
1023,570,'2021-08-30 08:16:12,식사 판단,아침식사,조식,,,,,,,,
1024,570,'2021-08-30 08:38:51,냉장고,냉장고정리,냉장고 정리하기,,,,,,,,
1025,570,'2021-08-30 09:07:54,약,복약,일반 약 복용,CHM,,"순이가 세상에서 가장 좋아하는 울 순자님, 오늘도 순이가 인사드려요! 우유와 약을 마시게 되면 부작용이 일어날 우려가 크답니다!",,,,,
1026,570,'2021-08-30 09:13:03,리모콘,TV시청,TV 보기,,,,,,,,
1027,570,'2021-08-30 13:21:41,냉장고,음식출납,음식 꺼내기,,,,,,,,
1028,570,'2021-08-30 13:31:41,식사 판단,간식,간식 먹기,,,,,,,,
1029,570,'2021-08-30 13:53:43,냉장고,음식출납,음식 꺼내기,,,,,,,,
1030,570,'2021-08-30 14:03:43,식사 판단,간식,간식 먹기,,,,,,,,
1031,570,'2021-08-30 14:04:49,리모콘,식사중TV,식사 중 TV 시청,,,,,,,,
1032,570,'2021-08-30 14:21:41,냉장고,냉장고정리,냉장고 정리하기,,,,,,,,
1033,570,'2021-08-30 15:51:18,리모콘,TV시청,TV 보기,,,,,,,,
1034,570,'2021-08-30 17:07:51,변기,용변,화장실 이용,,,,,,,,
1035,570,'2021-08-30 18:00:34,싱크대,주방정리,주방 정리하기,,,,,,,,
1036,570,'2021-08-30 18:03:29,냉장고,음식출납,음식 꺼내기,,,,,,,,
1037,570,'2021-08-30 18:13:29,식사 판단,간식,간식 먹기,,,,,,,,
1038,570,'2021-08-30 19:03:34,냉장고,음식출납,음식 꺼내기,,,,,,,,
1039,570,'2021-08-30 19:08:34,전자렌지,음식데우기,간편식 준비하기,,,,,,,,
1040,570,'2021-08-30 19:13:34,식사 판단,저녁식사,석식,,,,,,,,
1041,570,'2021-08-30 21:04:30,변기,용변,화장실 이용,,,,,,,,
1042,570,'2021-08-31 06:45:00,싱크대,주방정리,주방 정리하기,,,,,,,,
1043,570,'2021-08-31 07:23:34,리모콘,TV시청,TV 보기,,,,,,,,
1044,570,'2021-08-31 07:56:32,싱크대,주방정리,주방 정리하기,,,,,,,,
1045,570,'2021-08-31 08:00:17,전자렌지,음식데우기,간편식 준비하기,,,,,,,,
1046,570,'2021-08-31 08:06:06,냉장고,음식출납,음식 꺼내기,,,,,,,,
1047,570,'2021-08-31 08:10:17,식사 판단,아침식사,조식,,,,,,,,
1048,570,'2021-08-31 08:20:03,냉장고,냉장고정리,냉장고 정리하기,,,,,,,,
1049,570,'2021-08-31 09:14:17,약,복약,일반 약 복용,CHM,,"순이의 영원한 친구 우리 순자님, 지금은 오전 9시 14분 입니다. 사람이 생활할 때 물은 필수적이라고 해요. 앞으로도 물을 꾸준히 마셔주세요.",,,,,
1050,570,'2021-08-31 09:28:12,리모콘,TV시청,TV 보기,,,,,,,,
1051,570,'2021-08-31 10:13:10,변기,용변,화장실 이용,,,,,,,,
1052,570,'2021-08-31 13:01:36,리모콘,TV시청,TV 보기,,,,,,,,
1053,570,'2021-08-31 13:05:12,냉장고,음식출납,음식 꺼내기,,,,,,,,
1054,570,'2021-08-31 13:15:12,식사 판단,간식,간식 먹기,,,,,,,,
1055,570,'2021-08-31 13:51:09,변기,용변,화장실 이용,,,,,,,,
1056,570,'2021-08-31 13:59:06,리모콘,TV시청,TV 보기,,,,,,,,
1057,570,'2021-08-31 16:11:36,냉장고,음식출납,음식 꺼내기,,,,,,,,
1058,570,'2021-08-31 16:21:36,식사 판단,간식,간식 먹기,,,,,,,,
1059,570,'2021-08-31 16:55:41,변기,용변,화장실 이용,,,,,,,,
1060,570,'2021-08-31 17:44:31,싱크대,주방정리,주방 정리하기,,,,,,,,
1061,570,'2021-08-31 18:10:19,전자렌지,음식데우기,간편식 준비하기,,,,,,,,
1062,570,'2021-08-31 18:20:19,식사 판단,간식,간식 먹기,,,,,,,,
1063,570,'2021-08-31 18:23:27,냉장고,냉장고정리,냉장고 정리하기,,,,,,,,
1064,570,'2021-08-31 19:02:38,냉장고,음식출납,음식 꺼내기,,,,,,,,
1065,570,'2021-08-31 19:12:38,식사 판단,간식,간식 먹기,,,,,,,,
1066,570,'2021-08-31 19:43:54,리모콘,TV시청,TV 보기,,,,,,,,
1067,570,'2021-08-31 23:31:26,변기,용변,화장실 이용,,,,,,,,
